"id","year","wage","exper","school","union_d","married_d","health_d","black_d","hisp_d"
13,1980,1.1975402046,1,14,0,0,0,0,0
13,1981,1.8530599951,2,14,1,0,0,0,0
13,1982,1.3444616775,3,14,0,0,0,0,0
13,1983,1.4332133359,4,14,0,0,0,0,0
13,1984,1.5681250801,5,14,0,0,0,0,0
13,1985,1.6998909418,6,14,0,0,0,0,0
13,1986,-0.720262576,7,14,0,0,0,0,0
13,1987,1.6691879168,8,14,0,0,0,0,0
17,1980,1.6759624043,4,13,0,0,0,0,0
17,1981,1.5183982018,5,13,0,0,0,0,0
17,1982,1.5591904773,6,13,0,0,0,0,0
17,1983,1.7254100887,7,13,0,0,0,0,0
17,1984,1.6220223205,8,13,0,0,0,0,0
17,1985,1.6085882735,9,13,0,0,0,0,0
17,1986,1.5723854135,10,13,0,0,0,0,0
17,1987,1.8203338562,11,13,0,0,0,0,0
18,1980,1.5159627486,4,12,0,1,0,0,0
18,1981,1.7353791358,5,12,0,1,0,0,0
18,1982,1.6317436699,6,12,0,1,0,0,0
18,1983,1.9982288111,7,12,0,1,0,0,0
18,1984,2.1840142196,8,12,0,1,0,0,0
18,1985,2.2666622392,9,12,0,1,0,0,0
18,1986,2.06994393,10,12,0,1,0,0,0
18,1987,2.8731607212,11,12,0,1,0,0,0
45,1980,1.8941149806,2,12,1,0,0,0,0
45,1981,1.4711592831,3,12,1,0,0,0,0
45,1982,1.473497492,4,12,0,0,0,0,0
45,1983,1.7409142752,5,12,0,0,0,0,0
45,1984,1.8232137137,6,12,0,0,0,0,0
45,1985,1.9082728567,7,12,0,0,0,0,0
45,1986,1.7424473634,8,12,0,0,0,0,0
45,1987,2.1356889155,9,12,0,1,0,0,0
110,1980,1.9487748545,5,12,1,0,0,0,0
110,1981,1.9622592871,6,12,0,0,0,0,0
110,1982,1.9632968251,7,12,0,0,0,0,0
110,1983,2.2025156325,8,12,0,0,0,0,0
110,1984,2.1349542516,9,12,0,1,0,0,0
110,1985,2.1258228201,10,12,0,1,0,0,0
110,1986,1.9910166714,11,12,0,1,0,0,0
110,1987,2.1123933529,12,12,0,1,0,0,0
120,1980,0.2585548628,2,10,0,0,0,0,0
120,1981,1.3199717182,3,10,0,0,0,0,0
120,1982,1.4620852871,4,10,0,0,0,0,0
120,1983,1.3202869194,5,10,0,0,0,0,0
120,1984,1.7036465563,6,10,0,0,0,0,0
120,1985,1.4458032056,7,10,0,0,0,0,0
120,1986,1.8063640995,8,10,0,0,0,0,0
120,1987,2.1481201768,9,10,0,0,0,0,0
126,1980,1.7372854886,2,13,0,0,0,0,0
126,1981,1.9896008377,3,13,0,0,0,0,0
126,1982,2.189916837,4,13,0,0,0,0,0
126,1983,1.8554632169,5,13,0,0,0,0,0
126,1984,1.9224377929,6,13,0,0,0,0,0
126,1985,2.0610239562,7,13,0,1,0,0,0
126,1986,1.7822016235,8,13,0,1,0,0,0
126,1987,2.4146815778,9,13,0,1,0,0,0
150,1980,1.2087353007,2,12,0,0,0,0,0
150,1981,1.1940396628,3,12,0,0,0,0,0
150,1982,1.1704405715,4,12,0,0,0,0,0
150,1983,1.0979644985,5,12,0,0,0,0,0
150,1984,0.7658161885,6,12,0,0,0,0,0
150,1985,1.119025979,7,12,0,0,0,0,0
150,1986,1.1193667201,8,12,0,0,0,0,0
150,1987,0.8314595075,9,12,1,0,0,0,0
162,1980,0.502470152,2,11,1,0,0,0,0
162,1981,1.0649123702,3,11,0,0,0,0,0
162,1982,1.1894979432,4,11,0,0,0,0,0
162,1983,1.5398885292,5,11,0,0,0,0,0
162,1984,1.5982860406,6,11,0,0,0,0,0
162,1985,1.7373206923,7,11,0,0,0,0,0
162,1986,1.9884558505,8,11,0,0,0,0,0
162,1987,2.1586784338,9,11,0,0,0,0,0
166,1980,1.0052940055,2,10,1,0,0,0,0
166,1981,0.9376873709,3,10,1,0,0,0,0
166,1982,1.3674877048,4,10,1,0,0,0,0
166,1983,1.3780087815,5,10,1,0,0,0,0
166,1984,1.1701834812,6,10,1,0,0,0,0
166,1985,1.7282214484,7,10,0,0,0,0,0
166,1986,1.7098647498,8,10,0,1,0,0,0
166,1987,1.8510747855,9,10,0,1,0,0,0
189,1980,1.1305453358,2,14,0,0,0,0,0
189,1981,0.8362480242,3,14,0,0,0,0,0
189,1982,1.4673598138,4,14,0,0,0,0,0
189,1983,1.0714836213,5,14,0,0,0,0,0
189,1984,1.4459194826,6,14,0,0,0,0,0
189,1985,1.6851163479,7,14,0,0,0,0,0
189,1986,1.6861749787,8,14,0,0,0,0,0
189,1987,1.7551303466,9,14,0,0,0,0,0
193,1980,1.5656918952,2,14,0,0,0,0,0
193,1981,2.4938753198,3,14,0,0,0,0,0
193,1982,1.822662074,4,14,0,0,0,0,0
193,1983,2.3803360564,5,14,0,0,0,0,0
193,1984,2.2171284955,6,14,0,0,0,0,0
193,1985,2.2720314362,7,14,0,1,0,0,0
193,1986,2.3537987319,8,14,0,1,0,0,0
193,1987,2.4294500341,9,14,0,1,0,0,0
209,1980,1.9180031958,3,11,0,0,0,0,0
209,1981,0.7654077478,4,11,0,0,0,0,0
209,1982,1.9781854376,5,11,0,0,0,0,0
209,1983,1.94855364,6,11,0,0,0,0,0
209,1984,2.0370259376,7,11,0,0,0,0,0
209,1985,1.9025748356,8,11,0,0,0,0,0
209,1986,1.9726036563,9,11,0,0,0,0,0
209,1987,2.1869822099,10,11,0,0,0,0,0
212,1980,1.7844718032,2,11,0,0,0,0,0
212,1981,2.1799827709,3,11,0,0,0,0,0
212,1982,1.9638653838,4,11,1,0,0,0,0
212,1983,2.044932767,5,11,0,0,0,0,0
212,1984,2.0128613106,6,11,0,0,0,0,0
212,1985,2.0969857427,7,11,0,0,0,0,0
212,1986,2.1439661499,8,11,0,1,0,0,0
212,1987,2.241284366,9,11,1,1,0,0,0
218,1980,2.0133133756,2,15,0,0,0,0,0
218,1981,1.9621524552,3,15,0,0,0,0,0
218,1982,2.2756410219,4,15,0,0,0,0,0
218,1983,2.1949175631,5,15,0,1,0,0,0
218,1984,2.4283372983,6,15,0,1,0,0,0
218,1985,2.7230369434,7,15,0,1,0,0,0
218,1986,2.9663963196,8,15,0,1,0,0,0
218,1987,3.065051729,9,15,0,1,0,0,0
243,1980,1.5641813208,4,12,0,0,0,0,0
243,1981,1.6835458846,5,12,0,0,0,0,0
243,1982,1.6905033652,6,12,0,0,1,0,0
243,1983,1.6608715675,7,12,0,1,0,0,0
243,1984,1.6980505708,8,12,0,1,0,0,0
243,1985,1.6717682341,9,12,0,1,0,0,0
243,1986,1.6357175299,10,12,0,1,0,0,0
243,1987,1.7869709525,11,12,0,1,0,0,0
259,1980,2.1071895765,3,12,1,1,0,0,0
259,1981,2.0890109927,4,12,1,1,0,0,0
259,1982,2.0427239587,5,12,1,1,0,0,0
259,1983,1.3081557728,6,12,1,1,0,0,0
259,1984,1.4881522462,7,12,0,1,0,0,0
259,1985,1.5428182251,8,12,0,1,0,0,0
259,1986,1.5351347212,9,12,0,1,0,0,0
259,1987,1.4543355231,10,12,0,1,0,0,0
260,1980,1.6299120417,2,11,1,0,0,0,0
260,1981,1.7751130781,3,11,1,0,0,0,0
260,1982,1.9672563671,4,11,0,0,0,0,0
260,1983,2.0751862909,5,11,0,1,0,0,0
260,1984,2.1288334869,6,11,0,1,0,0,0
260,1985,2.2684191505,7,11,0,1,0,0,0
260,1986,1.9921390959,8,11,0,1,0,0,0
260,1987,2.4215544571,9,11,0,1,0,0,0
309,1980,1.7860756528,3,12,0,0,0,0,0
309,1981,2.2807660456,4,12,0,0,0,0,0
309,1982,2.2642662287,5,12,0,0,0,0,0
309,1983,2.2754564256,6,12,0,1,0,0,0
309,1984,2.2081324236,7,12,0,1,0,0,0
309,1985,2.1998524173,8,12,0,1,0,0,0
309,1986,2.2068999835,9,12,0,1,1,0,0
309,1987,2.476866911,10,12,0,1,0,0,0
351,1980,1.643386879,3,12,0,0,0,0,0
351,1981,1.3355804258,4,12,0,0,0,0,0
351,1982,1.5228178362,5,12,0,1,1,0,0
351,1983,1.4188513626,6,12,0,1,0,0,0
351,1984,0.9039274729,7,12,0,1,1,0,0
351,1985,1.8885640985,8,12,0,1,0,0,0
351,1986,1.7834496472,9,12,0,1,0,0,0
351,1987,1.6980083554,10,12,0,1,0,0,0
353,1980,1.8381972025,3,12,0,0,0,0,0
353,1981,1.8170772772,4,12,1,0,0,0,0
353,1982,1.6717402666,5,12,0,0,0,0,0
353,1983,1.5728305011,6,12,0,0,0,0,0
353,1984,1.6825463843,7,12,0,0,0,0,0
353,1985,1.5836402196,8,12,0,0,0,0,0
353,1986,1.7732931875,9,12,0,0,0,0,0
353,1987,1.8610789246,10,12,0,0,0,0,0
383,1980,1.4628881791,2,12,0,0,0,1,0
383,1981,1.5702171993,3,12,0,0,0,1,0
383,1982,1.6566018135,4,12,1,0,0,1,0
383,1983,1.7254100887,5,12,0,0,0,1,0
383,1984,1.7721585429,6,12,0,0,0,1,0
383,1985,2.0110842344,7,12,0,0,0,1,0
383,1986,1.9910166714,8,12,0,0,0,1,0
383,1987,1.9520507029,9,12,0,0,0,1,0
408,1980,1.6520949229,2,11,0,0,0,0,0
408,1981,1.4895349843,3,11,0,1,0,0,0
408,1982,1.8811757012,4,11,0,1,0,0,0
408,1983,2.0610316234,5,11,0,1,0,0,0
408,1984,2.4888362209,6,11,1,1,0,0,0
408,1985,2.43093808,7,11,1,1,0,0,0
408,1986,2.5345603867,8,11,1,1,0,0,0
408,1987,2.0696025092,9,11,1,1,0,0,0
424,1980,2.1658393597,5,12,0,1,0,0,0
424,1981,2.3253997708,6,12,0,1,0,0,0
424,1982,2.3836505457,7,12,0,1,0,0,0
424,1983,2.3372116298,8,12,0,1,0,0,0
424,1984,2.4125075379,9,12,0,1,0,0,0
424,1985,2.3841459185,10,12,0,1,0,0,0
424,1986,2.3520300169,11,12,0,1,0,0,0
424,1987,2.5777566026,12,12,0,1,0,0,0
464,1980,0.9726262551,2,13,0,0,0,0,0
464,1981,1.0031044999,3,13,0,0,0,0,0
464,1982,1.0996350337,4,13,0,1,0,0,0
464,1983,1.2145844649,5,13,0,1,0,0,0
464,1984,1.3192417615,6,13,0,1,0,0,0
464,1985,1.3897424827,7,13,0,1,0,0,0
464,1986,1.5735380116,8,13,0,1,0,0,0
464,1987,1.9006997178,9,13,0,1,0,0,0
483,1980,1.6826270761,5,12,0,0,0,0,0
483,1981,1.661706341,6,12,0,0,0,0,0
483,1982,1.7550418863,7,12,0,0,0,0,0
483,1983,1.7534507488,8,12,1,0,0,0,0
483,1984,1.6180078631,9,12,0,0,0,0,0
483,1985,1.6481787408,10,12,0,0,0,0,0
483,1986,1.7458942134,11,12,0,0,0,0,0
483,1987,1.7270818953,12,12,0,0,0,0,0
556,1980,1.9393454693,2,14,0,0,0,0,0
556,1981,2.1202635362,3,14,0,0,0,0,0
556,1982,2.1605069944,4,14,0,0,0,0,0
556,1983,2.4892541145,5,14,0,0,0,0,0
556,1984,2.3756935648,6,14,0,0,0,0,0
556,1985,2.2958867101,7,14,0,0,0,0,0
556,1986,2.2990901592,8,14,0,0,0,0,0
556,1987,2.5818793647,9,14,0,0,0,0,0
560,1980,1.3868473056,2,12,0,0,0,0,0
560,1981,2.127581917,3,12,0,0,0,0,0
560,1982,0.9688702001,4,12,0,0,0,0,0
560,1983,1.1635989102,5,12,0,0,0,0,0
560,1984,1.3566190608,6,12,0,0,0,0,0
560,1985,1.4162533501,7,12,0,0,0,0,0
560,1986,1.2149831968,8,12,1,0,0,0,0
560,1987,1.6393594638,9,12,0,0,0,0,0
569,1980,0.683725042,2,12,0,0,0,0,0
569,1981,1.0789890175,3,12,0,0,0,0,0
569,1982,0.8396357188,4,12,0,0,0,0,0
569,1983,1.5075690323,5,12,0,0,0,0,0
569,1984,1.0206517472,6,12,0,0,0,0,0
569,1985,0.5425977828,7,12,0,0,0,0,0
569,1986,0.1147163143,8,12,0,0,0,0,0
569,1987,0.3128517433,9,12,0,0,0,0,0
583,1980,1.6267721601,4,12,0,0,0,0,0
583,1981,1.8808750027,5,12,0,0,0,0,0
583,1982,1.7411964795,6,12,1,0,0,0,0
583,1983,2.1947885225,7,12,1,0,0,0,0
583,1984,2.083836121,8,12,0,1,0,0,0
583,1985,1.9184481847,9,12,0,1,0,0,0
583,1986,2.1567136329,10,12,0,1,0,0,0
583,1987,1.9850408663,11,12,0,0,0,0,0
647,1980,1.3967062722,2,12,1,0,0,0,0
647,1981,1.5198257537,3,12,1,1,0,0,0
647,1982,1.509152973,4,12,1,1,0,0,0
647,1983,1.6450416184,5,12,1,1,0,0,0
647,1984,1.5490149916,6,12,1,0,0,0,0
647,1985,1.8269562891,7,12,1,1,0,0,0
647,1986,1.883680399,8,12,1,1,0,0,0
647,1987,2.0236607018,9,12,1,1,0,0,0
658,1980,1.7314172402,4,12,1,0,0,0,0
658,1981,1.8137589523,5,12,0,0,0,0,0
658,1982,1.7000483102,6,12,1,0,0,0,0
658,1983,1.9396488617,7,12,1,0,0,0,0
658,1984,1.9357527109,8,12,0,0,0,0,0
658,1985,2.0997850049,9,12,0,0,0,0,0
658,1986,2.1920466268,10,12,0,0,0,0,0
658,1987,2.0051430458,11,12,0,0,0,0,0
684,1980,2.8217826537,2,12,0,0,0,0,0
684,1981,2.1799827709,3,12,0,0,0,0,0
684,1982,2.3094266248,4,12,0,1,0,0,0
684,1983,2.2513213499,5,12,0,1,0,0,0
684,1984,2.352296987,6,12,0,1,0,0,0
684,1985,2.3138482853,7,12,0,1,0,0,0
684,1986,2.2534199991,8,12,0,1,0,0,0
684,1987,2.4053524825,9,12,0,1,0,0,0
711,1980,1.2320245047,2,11,0,0,0,0,0
711,1981,1.3664917338,3,11,0,0,0,0,0
711,1982,1.6905033652,4,11,0,0,0,0,0
711,1983,1.6608715675,5,11,0,0,0,0,0
711,1984,1.555876082,6,11,0,0,0,0,0
711,1985,-0.714125587,7,11,0,0,0,0,0
711,1986,1.4684810321,8,11,0,0,0,0,0
711,1987,0.5130057764,9,11,0,0,0,0,0
729,1980,1.9595796226,2,13,1,1,0,0,0
729,1981,1.893339262,3,13,0,0,0,0,0
729,1982,3.0962158121,4,13,1,1,0,0,0
729,1983,1.910813312,5,13,1,1,0,0,0
729,1984,1.6152643772,6,13,0,1,0,0,0
729,1985,2.0765281427,7,13,0,1,0,0,0
729,1986,2.1075399474,8,13,0,1,0,0,0
729,1987,2.1555853559,9,13,0,1,0,0,0
731,1980,1.6556389313,4,12,0,0,0,0,0
731,1981,1.4642559026,5,12,0,1,0,0,0
731,1982,1.0078274845,6,12,0,1,0,0,0
731,1983,1.4779492297,7,12,0,1,0,0,0
731,1984,0.6187202117,8,12,0,1,0,0,0
731,1985,2.2256240519,9,12,0,0,0,0,0
731,1986,2.6577305949,10,12,0,0,0,0,0
731,1987,2.1391915461,11,12,0,0,0,0,0
732,1980,1.4972706156,3,12,0,0,0,0,0
732,1981,1.6017158663,4,12,0,0,0,0,0
732,1982,1.5048429071,5,12,0,0,0,0,0
732,1983,1.7980467988,6,12,0,0,0,0,0
732,1984,1.6528901747,7,12,0,0,0,0,0
732,1985,1.7633853609,8,12,0,0,0,0,0
732,1986,1.7226819859,9,12,0,0,0,0,0
732,1987,1.7620605936,10,12,0,0,0,0,0
793,1980,0.8915284353,2,14,0,0,0,0,0
793,1981,1.9310215366,3,14,0,0,0,0,0
793,1982,1.9026499135,4,14,0,0,0,0,0
793,1983,1.8853747384,5,14,0,0,0,0,0
793,1984,1.6787076079,6,14,0,0,0,0,0
793,1985,1.8963583702,7,14,0,0,0,0,0
793,1986,1.7883702192,8,14,0,0,0,0,0
793,1987,1.5638274012,9,14,0,0,0,0,0
797,1980,0.9925240379,3,10,0,0,0,0,0
797,1981,2.3451447074,4,10,1,0,0,0,0
797,1982,1.6809339141,5,10,1,0,0,0,0
797,1983,1.989654053,6,10,0,1,0,0,0
797,1984,2.4480142264,7,10,1,1,0,0,0
797,1985,2.4501803262,8,10,1,1,0,0,0
797,1986,2.1722394161,9,10,1,1,0,0,0
797,1987,2.4159835707,10,10,1,1,0,0,0
800,1980,1.5877615089,2,11,1,0,0,0,0
800,1981,1.6094379124,3,11,1,0,0,0,0
800,1982,1.5081818084,4,11,1,0,0,0,0
800,1983,1.5555110519,5,11,1,0,0,0,0
800,1984,1.5490149916,6,11,1,0,0,0,0
800,1985,1.6164300424,7,11,0,0,0,0,0
800,1986,1.825936921,8,11,1,1,0,0,0
800,1987,1.9904349459,9,11,1,1,0,0,0
813,1980,1.5562131512,2,13,0,0,0,0,0
813,1981,0.4229120217,3,13,0,0,0,0,0
813,1982,0.710434107,4,13,0,0,0,0,0
813,1983,0.9317216789,5,13,0,0,0,0,0
813,1984,-3.579078715,6,13,0,0,0,0,0
813,1985,1.3227563403,7,13,0,0,0,0,0
813,1986,1.3897001543,8,13,0,0,0,0,0
813,1987,1.5434997017,9,13,0,0,0,0,0
823,1980,-0.37266136,3,10,0,0,0,0,0
823,1981,0.6063143909,4,10,0,0,0,0,0
823,1982,0.8648805116,5,10,0,0,0,0,0
823,1983,0.5121711854,6,10,0,0,0,0,0
823,1984,0.6839116095,7,10,0,0,0,0,0
823,1985,0.9997493096,8,10,0,0,0,0,0
823,1986,1.4348605504,9,10,0,0,0,0,0
823,1987,1.1770355583,10,10,0,0,0,0,0
827,1980,0.8836852578,2,12,0,0,0,0,0
827,1981,1.4248666359,3,12,0,0,0,0,0
827,1982,1.3659036715,4,12,0,0,0,0,0
827,1983,1.3916888854,5,12,0,0,0,0,0
827,1984,1.7921895617,6,12,0,0,0,0,0
827,1985,1.9482833332,7,12,0,0,0,0,0
827,1986,2.2636116632,8,12,0,1,0,0,0
827,1987,2.6289637607,9,12,0,1,0,0,0
847,1980,1.5627278322,1,14,1,0,0,1,0
847,1981,1.6644976896,2,14,1,0,0,1,0
847,1982,1.7705460728,3,14,0,0,0,1,0
847,1983,1.7860347105,4,14,0,0,0,1,0
847,1984,2.0010001154,5,14,0,0,0,1,0
847,1985,1.6481787408,6,14,1,0,0,1,0
847,1986,2.1257110392,7,14,0,0,0,1,0
847,1987,1.6884192788,8,14,1,1,0,1,0
851,1980,1.8758130783,2,12,0,0,0,0,0
851,1981,1.9566761628,3,12,0,0,1,0,0
851,1982,1.8672538769,4,12,0,1,1,0,0
851,1983,2.1745331661,5,12,0,1,0,0,0
851,1984,1.914497107,6,12,0,1,0,0,0
851,1985,2.0179257663,7,12,1,1,0,0,0
851,1986,2.117659403,8,12,1,1,0,0,0
851,1987,1.9776290487,9,12,1,0,0,0,0
863,1980,1.5704509339,2,12,0,0,0,0,0
863,1981,1.5621850276,3,12,0,0,0,0,0
863,1982,1.5699768436,4,12,0,0,0,0,0
863,1983,1.7941195867,5,12,0,0,0,0,0
863,1984,1.8371720107,6,12,0,0,0,0,0
863,1985,1.8139349667,7,12,0,1,0,0,0
863,1986,2.0383955722,8,12,0,1,0,0,0
863,1987,1.9059035457,9,12,0,1,0,0,0
873,1980,0.5968629299,2,10,1,0,0,0,0
873,1981,0.4749911708,3,10,0,0,0,0,0
873,1982,1.0902654029,4,10,0,0,0,0,0
873,1983,1.0000020459,5,10,1,0,0,0,0
873,1984,0.8330531333,6,10,1,0,0,0,0
873,1985,1.4012811034,7,10,1,0,0,0,0
873,1986,1.7341293718,8,10,1,0,0,0,0
873,1987,1.8828721325,9,10,1,0,0,0,0
891,1980,2.0000439061,2,12,1,0,0,0,0
891,1981,2.3077118487,3,12,1,1,0,0,0
891,1982,2.3088126223,4,12,1,1,0,0,0
891,1983,1.8804158348,5,12,1,0,0,0,0
891,1984,1.8699008277,6,12,0,1,0,0,0
891,1985,2.0791983712,7,12,1,1,0,0,0
891,1986,1.8874497213,8,12,1,1,0,0,0
891,1987,1.8094275282,9,12,0,0,0,0,0
908,1980,0.9975806759,2,10,1,0,0,0,0
908,1981,0.2309867288,3,10,1,0,0,0,0
908,1982,0.4322609309,4,10,1,0,0,0,0
908,1983,0.9741552773,5,10,1,0,0,0,0
908,1984,0.5122099148,6,10,1,0,0,0,0
908,1985,0.9484363178,7,10,0,0,1,0,0
908,1986,1.2826881106,8,10,0,0,0,0,0
908,1987,1.377866641,9,10,0,1,0,0,0
910,1980,1.8653932455,2,13,0,0,0,1,0
910,1981,2.1342497782,3,13,0,0,0,1,0
910,1982,1.0408965589,4,13,0,0,0,1,0
910,1983,1.7619676844,5,13,0,0,0,1,0
910,1984,1.9191581526,6,13,0,0,0,1,0
910,1985,2.2570655777,7,13,0,0,0,1,0
910,1986,2.1119537142,8,13,0,0,0,1,0
910,1987,1.8923314682,9,13,0,0,0,1,0
916,1980,1.1754406557,2,13,0,0,0,0,0
916,1981,1.4116121691,3,13,0,0,0,0,0
916,1982,1.6157949928,4,13,0,0,0,0,0
916,1983,1.6889405875,5,13,0,0,0,0,0
916,1984,1.9615502851,6,13,0,0,0,0,0
916,1985,1.9105430052,7,13,0,0,0,0,0
916,1986,2.0183088137,8,13,0,0,0,0,0
916,1987,2.2822923897,9,13,0,0,0,0,0
919,1980,1.5680095346,3,12,0,1,0,0,0
919,1981,1.3958638121,4,12,1,1,0,0,0
919,1982,1.3803484369,5,12,1,1,0,0,0
919,1983,1.4944233599,6,12,1,1,0,0,0
919,1984,1.3948643118,7,12,1,1,0,0,0
919,1985,1.440539376,8,12,1,1,0,0,0
919,1986,1.5963624794,9,12,1,1,0,0,0
919,1987,1.6199168678,10,12,1,1,0,0,0
922,1980,1.6025064352,2,12,0,0,0,0,0
922,1981,2.0349897791,3,12,0,0,0,0,0
922,1982,2.2386284719,4,12,0,0,0,0,0
922,1983,2.2176714275,5,12,0,0,0,0,0
922,1984,2.447831093,6,12,0,0,0,0,0
922,1985,2.6036901858,7,12,0,0,0,0,0
922,1986,2.3556905547,8,12,0,0,0,0,0
922,1987,2.1869822099,9,12,0,1,0,0,0
924,1980,0.8535585524,1,11,0,0,0,0,0
924,1981,0.8921670296,2,11,0,0,0,0,0
924,1982,0.8500412597,3,11,0,0,0,0,0
924,1983,0.5909377257,4,11,0,0,0,0,0
924,1984,1.202973304,5,11,0,0,0,0,0
924,1985,1.5546183427,6,11,0,0,0,0,0
924,1986,1.8021157682,7,11,0,0,0,0,0
924,1987,1.6979303857,8,11,0,1,0,0,0
925,1980,2.135247025,2,15,0,0,0,0,0
925,1981,2.2225423853,3,15,0,0,0,0,0
925,1982,2.1356700713,4,15,0,0,0,0,0
925,1983,2.2362357125,5,15,0,0,0,0,0
925,1984,2.3475226878,6,15,0,0,0,0,0
925,1985,2.4144481861,7,15,0,1,0,0,0
925,1986,0.0494449239,8,15,0,1,0,0,0
925,1987,2.6232189767,9,15,0,1,0,0,0
944,1980,0.8193909071,2,13,0,0,0,0,0
944,1981,0.5895946567,3,13,0,0,0,0,0
944,1982,1.3997665227,4,13,0,0,0,0,0
944,1983,1.5555110519,5,13,0,0,0,0,0
944,1984,1.6180078631,6,13,0,0,0,0,0
944,1985,1.6079723203,7,13,0,0,0,0,0
944,1986,1.6100926722,8,13,0,0,0,0,0
944,1987,1.1974496818,9,13,0,0,0,0,0
945,1980,1.0396249423,1,14,0,0,0,0,0
945,1981,1.3598611041,2,14,0,0,0,0,0
945,1982,1.2605020044,3,14,0,0,0,0,0
945,1983,1.3227101413,4,14,0,0,0,0,0
945,1984,1.7187715884,5,14,0,0,0,0,0
945,1985,1.3103991435,6,14,0,0,1,0,0
945,1986,1.4116248074,7,14,0,0,0,0,0
945,1987,1.3862043652,8,14,0,0,0,0,0
947,1980,2.2364569269,3,13,1,0,0,0,0
947,1981,2.3766930651,4,13,1,0,0,0,0
947,1982,2.3865393296,5,13,1,1,0,0,0
947,1983,2.3846279979,6,13,0,1,0,0,0
947,1984,2.400284968,7,13,0,1,0,0,0
947,1985,2.4713790496,8,13,0,1,0,0,0
947,1986,2.2640999444,9,13,0,1,0,0,0
947,1987,2.2822923897,10,13,0,1,0,0,0
955,1980,2.0708052578,4,12,1,0,0,0,0
955,1981,1.9889275341,5,12,1,0,0,0,0
955,1982,1.9781854376,6,12,1,0,0,0,0
955,1983,2.0883155824,7,12,1,0,0,0,0
955,1984,2.1288334869,8,12,1,0,0,0,0
955,1985,2.2077945287,9,12,1,0,0,0,0
955,1986,2.4754090381,10,12,1,0,0,0,0
955,1987,2.2177538686,11,12,1,0,0,0,0
965,1980,1.4175403591,5,12,0,0,0,0,0
965,1981,1.4781019104,6,12,0,0,0,0,0
965,1982,1.384883592,7,12,0,0,0,0,0
965,1983,1.5177707239,8,12,0,0,0,0,0
965,1984,1.4276541346,9,12,0,1,0,0,0
965,1985,1.440539376,10,12,0,1,0,0,0
965,1986,1.4204718129,11,12,0,1,0,0,0
965,1987,1.3815058444,12,12,0,1,0,0,0
996,1980,1.557642744,2,11,0,1,0,0,0
996,1981,1.4824382217,3,11,0,1,0,0,0
996,1982,1.2442162625,4,11,0,1,0,0,0
996,1983,0.7208267497,5,11,0,1,0,0,0
996,1984,0.8070776469,6,11,0,1,0,0,0
996,1985,0.8231040171,7,11,0,1,0,0,0
996,1986,1.1090356545,8,11,0,1,0,0,0
996,1987,2.2386436251,9,11,0,1,0,0,0
1007,1980,1.4479995666,4,12,0,0,0,0,0
1007,1981,1.7525387561,5,12,0,0,0,0,0
1007,1982,1.5474025215,6,12,0,0,0,0,0
1007,1983,2.0438638198,7,12,0,0,0,0,0
1007,1984,2.15214371,8,12,0,0,0,0,0
1007,1985,2.2672179492,9,12,0,0,0,0,0
1007,1986,2.7473427536,10,12,0,1,0,0,0
1007,1987,2.5771798459,11,12,0,1,0,0,0
1054,1980,0.7246636478,3,10,0,0,0,0,0
1054,1981,1.7942625994,4,10,0,0,0,0,0
1054,1982,1.1619275583,5,10,0,0,0,0,0
1054,1983,1.4596000911,6,10,0,1,0,0,0
1054,1984,1.0282199968,7,10,0,1,0,0,0
1054,1985,1.3033382545,8,10,0,1,0,0,0
1054,1986,1.6498849772,9,10,0,1,0,0,0
1054,1987,1.3091851828,10,10,1,1,0,0,0
1064,1980,1.9031182592,4,12,0,1,1,0,0
1064,1981,2.0210710097,5,12,0,1,1,0,0
1064,1982,1.8954277239,6,12,0,1,1,0,0
1064,1983,2.1225069471,7,12,0,1,0,0,0
1064,1984,1.8803721276,8,12,0,1,0,0,0
1064,1985,1.9924774136,9,12,0,1,0,0,0
1064,1986,1.9640254074,10,12,0,1,0,0,0
1064,1987,1.9294710151,11,12,0,1,0,0,0
1081,1980,1.0879968325,2,10,0,0,0,0,0
1081,1981,1.249144523,3,10,0,0,0,0,0
1081,1982,1.5474025215,4,10,0,0,0,0,0
1081,1983,1.3517034445,5,10,0,0,0,0,0
1081,1984,1.4261168553,6,10,0,0,0,0,0
1081,1985,1.0566006021,7,10,0,0,0,0,0
1081,1986,1.2642224964,8,10,0,0,0,0,0
1081,1987,2.000009482,9,10,0,0,0,0,0
1085,1980,1.8871239582,1,12,0,0,0,0,0
1085,1981,1.4815212111,2,12,0,0,0,0,0
1085,1982,1.2176419438,3,12,0,0,0,0,0
1085,1983,0.737586125,4,12,0,0,0,0,0
1085,1984,1.2887732938,5,12,0,1,1,0,0
1085,1985,1.073505715,6,12,0,1,0,0,0
1085,1986,1.3171722431,7,12,0,1,0,0,0
1085,1987,2.0170495535,8,12,0,0,0,0,0
1091,1980,1.1110029161,6,9,1,0,0,0,0
1091,1981,1.1620925577,7,9,0,1,0,0,0
1091,1982,1.0618947057,8,9,1,1,0,0,0
1091,1983,1.1275730879,9,9,0,1,0,0,0
1091,1984,1.1891799819,10,9,0,1,0,0,0
1091,1985,1.2227949893,11,9,1,1,0,0,0
1091,1986,1.1646674794,12,9,0,1,0,0,0
1091,1987,1.3958945818,13,9,0,1,0,0,0
1094,1980,1.3426390509,3,12,0,1,0,0,0
1094,1981,1.4064970684,4,12,0,1,0,0,0
1094,1982,1.5297029444,5,12,0,1,0,0,0
1094,1983,1.7575967752,6,12,0,1,0,0,0
1094,1984,1.9056899356,7,12,0,1,0,0,0
1094,1985,1.9662319111,8,12,0,1,0,0,0
1094,1986,2.1404171866,9,12,0,1,0,0,0
1094,1987,2.1755591903,10,12,0,1,0,0,0
1096,1980,1.2640767284,6,11,0,0,0,0,0
1096,1981,1.2780807765,7,11,0,0,0,0,0
1096,1982,0.9997629246,8,11,0,0,0,0,0
1096,1983,0.9654240493,9,11,0,0,0,0,0
1096,1984,1.0286199168,10,11,0,0,0,0,0
1096,1985,1.0129983162,11,11,0,0,0,0,0
1096,1986,1.2843396386,12,11,0,1,0,0,0
1096,1987,1.4081740915,13,11,1,1,0,0,0
1098,1980,1.5519678091,1,14,0,0,0,0,0
1098,1981,2.1282317058,2,14,0,0,0,0,0
1098,1982,2.7577758513,3,14,0,0,0,0,0
1098,1983,1.5096074133,4,14,0,0,0,0,0
1098,1984,1.9333861629,5,14,0,0,0,0,0
1098,1985,2.2776758942,6,14,0,0,0,0,0
1098,1986,2.265224495,7,14,0,0,0,0,0
1098,1987,2.2827586989,8,14,0,1,0,0,0
1102,1980,0.8810844761,3,13,0,0,0,0,0
1102,1981,2.0402208285,4,13,0,0,0,0,0
1102,1982,1.8330034278,5,13,0,0,0,0,0
1102,1983,1.7742002529,6,13,0,0,0,0,0
1102,1984,1.8223083266,7,13,0,0,0,0,0
1102,1985,2.6572744319,8,13,0,0,0,0,0
1102,1986,2.774626927,9,13,0,0,0,0,0
1102,1987,2.8517858616,10,13,0,0,0,0,0
1107,1980,1.5433097464,5,12,0,0,0,0,0
1107,1981,1.5702171993,6,12,0,1,0,0,0
1107,1982,1.6566018135,7,12,0,1,0,0,0
1107,1983,1.6608715675,8,12,0,1,0,0,0
1107,1984,2.0010001154,9,12,0,1,0,0,0
1107,1985,1.8713222921,10,12,0,1,0,0,0
1107,1986,1.8904754422,11,12,0,1,0,0,0
1107,1987,2.0354323118,12,12,0,1,0,0,0
1142,1980,1.4131123076,2,14,0,0,0,0,1
1142,1981,1.6677734894,3,14,0,0,0,0,1
1142,1982,1.922095971,4,14,0,0,0,0,1
1142,1983,1.7413739397,5,14,0,0,0,0,1
1142,1984,2.0110504512,6,14,0,0,0,0,1
1142,1985,2.2235428857,7,14,0,1,0,0,1
1142,1986,2.0885624136,8,14,0,1,0,0,1
1142,1987,2.3413077302,9,14,0,1,0,0,1
1156,1980,1.3028175567,5,12,0,0,0,1,0
1156,1981,1.33072451,6,12,0,0,0,1,0
1156,1982,1.2995663576,7,12,0,0,0,1,0
1156,1983,1.6310994092,8,12,0,0,0,1,0
1156,1984,1.6591535047,9,12,0,0,0,1,0
1156,1985,1.6481787408,10,12,0,0,0,1,0
1156,1986,1.5540032055,11,12,0,0,0,1,0
1156,1987,1.9337475719,12,12,0,0,0,1,0
1180,1980,1.8534646747,2,13,0,0,0,0,0
1180,1981,1.6094379124,3,13,0,0,0,0,0
1180,1982,1.6905033652,4,13,1,0,0,0,0
1180,1983,1.5374952293,5,13,1,0,0,0,0
1180,1984,2.0410545093,6,13,0,1,0,0,0
1180,1985,1.9201124562,7,13,0,1,0,0,0
1180,1986,2.1136189935,8,13,0,1,0,0,0
1180,1987,2.2177538686,9,13,0,1,0,0,0
1190,1980,1.5103426971,2,12,0,0,0,1,0
1190,1981,1.5108570838,3,12,0,0,0,1,0
1190,1982,1.0618947057,4,12,0,0,0,1,0
1190,1983,1.3507166392,5,12,0,0,0,1,0
1190,1984,1.2160453856,6,12,0,0,0,1,0
1190,1985,1.1739107127,7,12,0,0,0,1,0
1190,1986,1.3404291052,8,12,0,0,0,1,0
1190,1987,1.3815058444,9,12,0,1,0,1,0
1204,1980,1.6223822866,5,8,0,0,0,0,0
1204,1981,1.7525387561,6,8,1,0,0,0,0
1204,1982,1.9347558797,7,8,1,0,0,0,0
1204,1983,1.7785953422,8,8,1,0,0,0,0
1204,1984,1.8686109273,9,8,1,0,0,0,0
1204,1985,2.0110842344,10,8,1,0,0,0,0
1204,1986,2.2513722308,11,8,1,0,0,0,0
1204,1987,2.2505436914,12,8,1,0,0,0,0
1249,1980,1.5307465448,5,11,0,0,0,0,0
1249,1981,1.3399929008,6,11,0,1,0,0,0
1249,1982,1.6595690916,7,11,0,0,0,0,0
1249,1983,1.3834226714,8,11,0,1,0,0,0
1249,1984,1.5115061719,9,11,0,1,1,0,0
1249,1985,1.4250351894,10,11,0,0,0,0,0
1249,1986,1.4439597942,11,11,0,1,0,0,0
1249,1987,1.4443790862,12,11,0,0,0,0,0
1272,1980,1.7508657743,3,12,0,1,0,0,0
1272,1981,1.8323763145,4,12,0,0,0,0,0
1272,1982,1.7550418863,5,12,1,0,0,0,0
1272,1983,1.7821054324,6,12,0,0,1,0,0
1272,1984,1.7217670974,7,12,0,0,0,0,0
1272,1985,1.7333106101,8,12,1,0,0,0,0
1272,1986,1.7646815553,9,12,0,1,0,0,0
1272,1987,1.9075989403,10,12,0,1,0,0,0
1311,1980,0.5567801247,2,15,0,0,0,0,0
1311,1981,1.5547130127,3,15,0,0,0,0,0
1311,1982,1.6868336363,4,15,0,0,0,0,0
1311,1983,1.6447927363,5,15,0,0,0,0,0
1311,1984,2.2127900939,6,15,0,0,0,0,0
1311,1985,1.8948768885,7,15,0,0,0,0,0
1311,1986,1.7910826983,8,15,0,0,0,0,0
1311,1987,2.0587093746,9,15,0,0,0,0,0
1316,1980,1.5433097464,4,8,0,0,0,0,0
1316,1981,1.6894806201,5,8,0,0,0,0,0
1316,1982,1.8776442084,6,8,0,1,0,0,0
1316,1983,2.5892543452,7,8,0,1,0,0,0
1316,1984,2.7385990585,8,8,0,1,0,0,0
1316,1985,1.861752841,9,8,0,1,0,0,0
1316,1986,1.911142079,10,8,0,1,0,0,0
1316,1987,1.9075989403,11,8,0,1,0,0,0
1318,1980,1.0597762649,8,8,0,0,0,0,0
1318,1981,1.4677016358,9,8,0,0,0,0,0
1318,1982,1.3397631567,10,8,0,0,0,0,0
1318,1983,1.2946271726,11,8,0,0,0,0,0
1318,1984,1.2517634682,12,8,0,0,0,0,0
1318,1985,1.3322025248,13,8,0,0,0,0,0
1318,1986,1.28594092,14,8,0,0,0,0,0
1318,1987,1.2861956646,15,8,0,0,0,0,0
1345,1980,1.764698182,4,12,0,0,0,0,0
1345,1981,-0.723918839,5,12,0,1,0,0,0
1345,1982,1.8908434275,6,12,0,1,0,0,0
1345,1983,2.0883155824,7,12,0,1,0,0,0
1345,1984,2.2062754129,8,12,0,1,0,0,0
1345,1985,2.1590043645,9,12,0,1,0,0,0
1345,1986,2.2212970073,10,12,0,1,0,0,0
1345,1987,1.5838541915,11,12,0,1,0,0,0
1397,1980,1.7700830657,5,12,1,0,0,0,0
1397,1981,1.6017158663,6,12,1,0,0,0,0
1397,1982,1.5474025215,7,12,1,0,0,0,0
1397,1983,1.7860347105,8,12,1,0,0,0,0
1397,1984,1.6825463843,9,12,1,0,0,0,0
1397,1985,1.7204994023,10,12,1,0,0,0,0
1397,1986,1.7999614346,11,12,1,0,0,0,0
1397,1987,1.7609954661,12,12,1,0,0,0,0
1434,1980,0.2062864342,2,10,0,0,0,0,0
1434,1981,1.1210496338,3,10,0,1,0,0,0
1434,1982,1.0861173433,4,10,1,1,0,0,0
1434,1983,1.2689148095,5,10,1,1,0,0,0
1434,1984,1.0993725776,6,10,1,1,0,0,0
1434,1985,1.3452291962,7,10,1,1,0,0,0
1434,1986,1.9000448932,8,10,0,1,0,0,0
1434,1987,1.5153917841,9,10,0,1,0,0,0
1492,1980,2.0364553516,4,13,0,0,0,0,0
1492,1981,1.1423682706,5,13,0,0,0,0,0
1492,1982,1.3785358571,6,13,0,0,0,0,0
1492,1983,1.4737538385,7,13,0,1,0,0,0
1492,1984,1.4749070195,8,13,0,0,1,0,0
1492,1985,1.4162823983,9,13,0,1,0,0,0
1492,1986,1.4984333544,10,13,0,1,0,0,0
1492,1987,1.500852602,11,13,0,1,0,0,0
1496,1980,1.1783359996,1,12,1,0,0,0,0
1496,1981,1.0872871393,2,12,1,0,0,0,0
1496,1982,0.0077341796,3,12,0,0,0,0,0
1496,1983,0.7967049537,4,12,0,0,0,0,0
1496,1984,1.0372282914,5,12,0,0,0,0,0
1496,1985,1.2083741427,6,12,0,0,0,0,0
1496,1986,1.2044588874,7,12,0,0,0,0,0
1496,1987,1.8570805187,8,12,0,0,0,0,0
1506,1980,0.9743966533,3,12,0,0,0,0,0
1506,1981,2.4651040225,4,12,0,0,0,0,0
1506,1982,1.0550356916,5,12,0,0,0,0,0
1506,1983,1.1427648233,6,12,0,0,0,0,0
1506,1984,1.0127465677,7,12,0,0,0,0,0
1506,1985,1.0728145958,8,12,0,0,0,0,0
1506,1986,1.0599847001,9,12,0,0,0,0,0
1506,1987,0.9269266855,10,12,0,0,0,0,0
1515,1980,1.0337793397,2,10,0,0,0,0,0
1515,1981,1.2926409278,3,10,1,0,0,0,0
1515,1982,1.3144663995,4,10,0,0,0,0,0
1515,1983,1.2582148866,5,10,0,0,0,0,0
1515,1984,1.6472782454,6,10,0,0,0,0,0
1515,1985,1.7659617764,7,10,0,0,0,0,0
1515,1986,1.7999614346,8,10,0,0,0,0,0
1515,1987,1.8106874791,9,10,0,1,0,0,0
1520,1980,1.3759228768,5,12,1,1,0,1,0
1520,1981,1.3539078454,6,12,1,1,0,1,0
1520,1982,1.3495767782,7,12,0,1,0,1,0
1520,1983,1.3511975241,8,12,0,1,0,1,0
1520,1984,1.3703057205,9,12,0,1,0,1,0
1520,1985,1.4013186628,10,12,0,1,0,1,0
1520,1986,1.5805427608,11,12,0,1,0,1,0
1520,1987,1.6359949495,12,12,1,1,0,1,0
1528,1980,0.9788977862,4,10,1,0,0,1,0
1528,1981,1.2417131323,5,10,0,0,0,1,0
1528,1982,1.2597204491,6,10,0,0,0,1,0
1528,1983,1.0322629081,7,10,0,0,0,1,0
1528,1984,1.196193617,8,10,0,0,0,1,0
1528,1985,1.1681045329,9,10,0,0,0,1,0
1528,1986,1.3664045917,10,10,0,0,0,1,0
1528,1987,1.3983129627,11,10,0,0,0,1,0
1554,1980,1.3118673922,2,12,0,0,0,0,0
1554,1981,1.2226649373,3,12,0,1,0,0,0
1554,1982,1.4088665931,4,12,1,1,0,0,0
1554,1983,1.5743410754,5,12,0,1,0,0,0
1554,1984,1.4558588245,6,12,0,1,0,0,0
1554,1985,1.8748249226,7,12,0,1,0,0,0
1554,1986,1.8739461402,8,12,0,1,0,0,0
1554,1987,1.733726438,9,12,0,1,0,0,0
1575,1980,1.5760514934,3,13,0,0,0,0,0
1575,1981,1.7420173773,4,13,0,1,0,0,0
1575,1982,1.7788267913,5,13,0,1,0,0,0
1575,1983,1.8711615926,6,13,0,1,0,0,0
1575,1984,1.65639559,7,13,0,1,0,0,0
1575,1985,1.7830296849,8,13,0,1,0,0,0
1575,1986,1.5948252001,9,13,0,1,0,0,0
1575,1987,1.9950912021,10,13,0,1,0,0,0
1576,1980,1.3247013502,2,11,0,1,0,0,0
1576,1981,1.347073648,3,11,0,1,0,0,0
1576,1982,1.5626699936,4,11,0,1,0,0,0
1576,1983,3.2006891215,5,11,0,1,0,0,0
1576,1984,1.8383009137,6,11,0,1,0,0,0
1576,1985,1.870448548,7,11,0,0,0,0,0
1576,1986,0.8257647052,8,11,0,0,0,0,0
1576,1987,1.8447144305,9,11,0,0,0,0,0
1628,1980,1.1764729343,3,12,0,0,0,0,0
1628,1981,1.3242589702,4,12,0,0,0,0,0
1628,1982,1.2359663631,5,12,0,0,0,0,0
1628,1983,1.5929941451,6,12,0,0,0,0,0
1628,1984,1.7253663814,7,12,0,0,0,0,0
1628,1985,1.8200289977,8,12,0,0,0,0,0
1628,1986,1.8361410912,9,12,0,0,0,0,0
1628,1987,1.8610789246,10,12,0,0,0,0,0
1641,1980,2.1116905945,4,12,0,0,0,0,1
1641,1981,2.1705522184,5,12,0,1,0,0,1
1641,1982,2.1348392477,6,12,0,1,0,0,1
1641,1983,2.0724301955,7,12,0,1,0,0,1
1641,1984,2.0405408797,8,12,0,1,0,0,1
1641,1985,2.0189582909,9,12,0,1,0,0,1
1641,1986,2.1673824415,10,12,0,1,0,0,1
1641,1987,1.8734883804,11,12,0,1,0,0,1
1644,1980,0.560979217,1,12,1,0,0,0,1
1644,1981,1.546365309,2,12,0,0,0,0,1
1644,1982,1.531898335,3,12,0,0,0,0,1
1644,1983,1.5918786961,4,12,0,0,0,0,1
1644,1984,1.685167945,5,12,0,0,0,0,1
1644,1985,1.6481787408,6,12,0,0,0,0,1
1644,1986,1.5659793966,7,12,0,0,0,0,1
1644,1987,2.0684224752,8,12,0,1,0,0,1
1653,1980,-0.384581897,2,15,1,0,0,0,0
1653,1981,1.8860701487,3,15,1,0,0,0,0
1653,1982,1.9873851345,4,15,1,0,0,0,0
1653,1983,2.1366611339,5,15,1,0,0,0,0
1653,1984,1.8042337932,6,15,1,0,0,0,0
1653,1985,2.1301214904,7,15,0,0,0,0,0
1653,1986,2.6314132866,8,15,0,0,0,0,0
1653,1987,2.7931180135,9,15,0,0,0,0,0
1654,1980,1.6248416576,4,11,0,0,0,0,0
1654,1981,1.6168728909,5,11,0,0,1,0,0
1654,1982,1.4296194859,6,11,0,0,0,0,0
1654,1983,1.7364599249,7,11,0,0,0,0,0
1654,1984,1.7160416034,8,11,0,0,0,0,0
1654,1985,1.8090212659,9,11,0,1,0,0,0
1654,1986,1.7999614346,10,11,0,1,0,0,0
1654,1987,2.1838523169,11,11,0,1,0,0,0
1721,1980,1.7844718032,5,11,0,0,0,0,1
1721,1981,1.9348603129,6,11,1,0,0,0,1
1721,1982,2.0269756018,7,11,0,0,0,0,1
1721,1983,2.1098217876,8,11,0,0,0,0,1
1721,1984,2.1288334869,9,11,0,0,0,0,1
1721,1985,2.0944658434,10,11,1,0,0,0,1
1721,1986,2.2567198371,11,11,0,0,0,0,1
1721,1987,2.9109010491,12,11,0,0,0,0,1
1742,1980,1.4616247325,2,12,1,0,0,0,0
1742,1981,1.6829050643,3,12,1,0,0,0,0
1742,1982,1.8728249219,4,12,0,1,0,0,0
1742,1983,2.0438638198,5,12,0,1,0,0,0
1742,1984,2.3503757568,6,12,0,0,0,0,0
1742,1985,2.3871354573,7,12,0,0,0,0,0
1742,1986,2.4108705169,8,12,0,0,0,0,0
1742,1987,2.4801181331,9,12,0,0,0,0,0
1744,1980,1.6303211234,2,11,1,0,0,0,0
1744,1981,1.6835458846,3,11,1,0,0,0,0
1744,1982,1.7810173727,4,11,1,0,0,0,0
1744,1983,1.3816385496,5,11,1,0,0,0,0
1744,1984,2.030624167,6,11,1,0,0,0,0
1744,1985,1.8106976702,7,11,1,0,0,0,0
1744,1986,2.0123974664,8,11,1,0,0,0,0
1744,1987,2.3200327177,9,11,1,0,0,0,0
1763,1980,0.6435002407,1,11,0,0,0,0,1
1763,1981,0.8979415932,2,11,0,0,0,0,1
1763,1982,1.2787965961,3,11,1,0,0,0,1
1763,1983,1.3354491671,4,11,1,0,0,0,1
1763,1984,1.5262003139,5,11,0,0,0,0,1
1763,1985,1.4342035575,6,11,0,0,0,0,1
1763,1986,0.0603747251,7,11,0,0,1,0,1
1763,1987,1.393775937,8,11,0,0,0,0,1
1777,1980,1.3893880305,1,15,0,0,0,0,0
1777,1981,1.2417131323,2,15,0,0,0,0,0
1777,1982,0.9859087988,3,15,0,0,0,0,0
1777,1983,1.1440543141,4,15,0,1,0,0,0
1777,1984,1.6546004539,5,15,0,1,0,0,0
1777,1985,1.6481787408,6,15,1,0,0,0,0
1777,1986,1.3330598751,7,15,1,0,0,0,0
1777,1987,1.7381807883,8,15,0,0,0,0,0
1843,1980,2.3642902984,2,15,0,1,0,0,0
1843,1981,2.3376180557,3,15,0,1,0,0,0
1843,1982,2.4164403685,4,15,0,1,0,0,0
1843,1983,2.5138674491,5,15,0,1,0,0,0
1843,1984,2.6476272803,6,15,0,1,0,0,0
1843,1985,2.6362133775,7,15,0,1,0,0,0
1843,1986,2.7187552967,8,15,0,1,0,0,0
1843,1987,2.768744047,9,15,0,1,0,0,0
1891,1980,0.9371739428,2,12,1,0,0,0,0
1891,1981,1.0188303712,3,12,0,0,0,0,0
1891,1982,1.1199585067,4,12,0,0,0,0,0
1891,1983,0.8383897391,5,12,0,0,0,0,0
1891,1984,1.2462482875,6,12,0,0,0,0,0
1891,1985,1.1979777388,7,12,0,0,0,0,0
1891,1986,1.2534177283,8,12,0,0,0,0,0
1891,1987,1.3014631367,9,12,0,0,0,0,0
1895,1980,1.6544561991,2,13,0,0,0,0,0
1895,1981,1.589547754,3,13,0,1,0,0,0
1895,1982,1.7487722733,4,13,1,1,0,0,0
1895,1983,1.8705920985,5,13,1,1,0,0,0
1895,1984,2.0541099407,6,13,1,1,0,0,0
1895,1985,1.9038984625,7,13,1,1,0,0,0
1895,1986,2.0838770243,8,13,1,1,0,0,0
1895,1987,2.2822923897,9,13,1,1,0,0,0
1899,1980,1.4479995666,3,12,0,0,0,0,0
1899,1981,1.2417131323,4,12,0,0,0,0,0
1899,1982,1.3803484369,5,12,0,1,0,0,0
1899,1983,0.9809696137,6,12,0,1,0,0,0
1899,1984,1.3948643118,7,12,0,1,0,0,0
1899,1985,1.4013186628,8,12,0,1,0,0,0
1899,1986,1.4945797851,9,12,0,1,0,0,0
1899,1987,1.3624576494,10,12,0,1,0,0,0
1925,1980,1.0059910882,2,11,0,0,0,0,0
1925,1981,1.6374095664,3,11,0,0,0,0,0
1925,1982,1.5707191281,4,11,0,0,0,0,0
1925,1983,1.7579862591,5,11,0,0,0,0,0
1925,1984,1.9038601089,6,11,0,1,0,0,0
1925,1985,1.8335819641,7,11,0,1,0,0,0
1925,1986,1.9854591447,8,11,0,1,0,0,0
1925,1987,1.9485711865,9,11,0,1,0,0,0
1930,1980,1.0740074848,2,11,0,0,0,0,0
1930,1981,0.9667619958,3,11,0,0,0,0,0
1930,1982,1.3242589702,4,11,0,0,0,0,0
1930,1983,0.5606579975,5,11,0,0,0,0,0
1930,1984,1.6825463843,6,11,0,0,0,0,0
1930,1985,1.8587435099,7,11,0,0,0,0,0
1930,1986,1.9910166714,8,11,0,0,0,0,0
1930,1987,2.1487609971,9,11,0,1,0,0,0
1961,1980,1.1660155152,4,12,0,1,0,0,0
1961,1981,1.8620286651,5,12,0,1,0,0,0
1961,1982,1.8503520661,6,12,0,1,0,0,0
1961,1983,1.8341206912,7,12,0,1,0,0,0
1961,1984,1.9283813468,8,12,0,1,0,0,0
1961,1985,1.8598498909,9,12,0,1,0,0,0
1961,1986,2.0092589782,10,12,0,1,0,0,0
1961,1987,2.298619283,11,12,0,1,0,0,0
1963,1980,1.5086241884,2,11,0,0,0,0,0
1963,1981,1.5061383426,3,11,0,0,0,0,0
1963,1982,1.9148080678,4,11,0,1,0,0,0
1963,1983,1.8199086321,5,11,0,1,0,0,0
1963,1984,1.6931284936,6,11,0,1,0,0,0
1963,1985,1.6820802924,7,11,0,1,0,0,0
1963,1986,1.7158221,8,11,0,1,0,0,0
1963,1987,1.7471494583,9,11,0,1,0,0,0
1979,1980,2.0235416368,4,12,1,1,0,0,0
1979,1981,2.0042937492,5,12,1,0,0,0,0
1979,1982,1.8610600804,6,12,1,0,0,0,0
1979,1983,2.0711559621,7,12,1,0,0,0,0
1979,1984,1.9952766316,8,12,1,1,0,0,0
1979,1985,1.9919689756,9,12,1,1,0,0,0
1979,1986,2.0215037046,10,12,1,1,0,0,0
1979,1987,1.9979381074,11,12,1,1,0,0,0
1988,1980,-0.247380776,2,12,0,0,0,0,0
1988,1981,2.283536898,3,12,0,0,0,0,0
1988,1982,1.294700168,4,12,1,0,0,0,0
1988,1983,1.1500459438,5,12,0,0,0,0,0
1988,1984,1.57105088,6,12,0,0,0,0,0
1988,1985,-0.742698959,7,12,0,0,0,0,0
1988,1986,1.851254729,8,12,0,0,0,0,0
1988,1987,1.9728703306,9,12,0,0,0,0,0
2000,1980,1.9049554804,3,11,1,0,0,0,0
2000,1981,1.8792623675,4,11,0,0,0,0,0
2000,1982,1.7461956262,5,11,1,1,0,0,0
2000,1983,2.0931348688,6,11,0,1,0,0,0
2000,1984,1.8447637001,7,11,0,1,0,0,0
2000,1985,1.6781622486,8,11,0,1,0,0,0
2000,1986,1.7656219447,9,11,0,1,0,0,0
2000,1987,1.7598422851,10,11,1,1,0,0,0
2014,1980,2.359059249,2,12,1,0,0,0,0
2014,1981,1.9230954713,3,12,0,0,0,0,0
2014,1982,1.4049268733,4,12,0,0,0,0,0
2014,1983,0.7995499058,5,12,0,0,0,0,0
2014,1984,1.3140822326,6,12,0,0,0,0,0
2014,1985,1.2613477122,7,12,0,0,0,0,0
2014,1986,1.4984333544,8,12,0,0,0,0,0
2014,1987,1.5501285568,9,12,0,0,0,0,0
2025,1980,1.4838924896,2,13,0,0,0,0,0
2025,1981,1.2339887003,3,13,0,1,0,0,0
2025,1982,1.5326164679,4,13,0,1,0,0,0
2025,1983,1.658470606,5,13,0,1,0,0,0
2025,1984,1.816277597,6,13,0,1,0,0,0
2025,1985,2.0159035209,7,13,0,1,0,0,0
2025,1986,2.3565718211,8,13,0,1,0,0,0
2025,1987,1.3166548721,9,13,1,1,0,0,0
2038,1980,0.8943958208,2,10,0,0,0,0,0
2038,1981,1.04334961,3,10,0,0,0,0,0
2038,1982,1.3424596748,4,10,0,0,0,0,0
2038,1983,1.3110106518,5,10,0,0,0,0,0
2038,1984,1.0125591087,6,10,0,0,0,0,0
2038,1985,1.3298738081,7,10,0,0,0,0,0
2038,1986,1.8388880734,8,10,0,0,0,0,0
2038,1987,2.2177538686,9,10,0,0,0,0,0
2075,1980,2.005680239,5,12,1,1,0,0,0
2075,1981,1.7599965665,6,12,1,1,0,0,0
2075,1982,1.8732174637,7,12,1,1,0,0,0
2075,1983,1.8169772822,8,12,0,1,0,0,0
2075,1984,1.8695612115,9,12,0,1,0,0,0
2075,1985,2.0584471095,10,12,0,1,0,0,0
2075,1986,2.2342469813,11,12,0,1,0,0,0
2075,1987,2.2251339759,12,12,0,1,0,0,0
2101,1980,2.0076153545,3,12,0,0,0,0,0
2101,1981,2.2633643798,4,12,0,0,0,0,0
2101,1982,2.2405497021,5,12,0,0,0,0,0
2101,1983,2.3484365298,6,12,1,0,0,0,0
2101,1984,2.4880452105,7,12,0,0,0,0,0
2101,1985,2.4682855488,8,12,1,0,0,0,0
2101,1986,2.3465761662,9,12,1,1,0,0,0
2101,1987,2.4903446648,10,12,0,1,0,0,0
2106,1980,1.6765664514,4,12,1,0,0,0,0
2106,1981,1.5724343006,5,12,1,0,0,0,0
2106,1982,1.7647037972,6,12,1,0,0,0,0
2106,1983,1.8150222474,7,12,1,1,0,0,0
2106,1984,1.7721585429,8,12,1,1,0,0,0
2106,1985,1.8460044841,9,12,1,1,0,0,0
2106,1986,1.8453550069,10,12,1,1,0,0,0
2106,1987,1.8122887605,11,12,1,1,0,0,0
2107,1980,1.2965999201,2,10,0,0,0,0,0
2107,1981,1.6146598564,3,10,0,0,0,0,0
2107,1982,1.2505712544,4,10,1,0,0,0,0
2107,1983,1.4918593421,5,10,1,0,0,0,0
2107,1984,1.8905762978,6,10,0,1,0,0,0
2107,1985,1.9436429536,7,10,0,1,0,0,0
2107,1986,2.054195573,8,10,0,1,0,0,0
2107,1987,2.0354323118,9,10,0,1,0,0,0
2108,1980,1.4674176524,2,12,0,0,0,0,0
2108,1981,1.961658506,3,12,1,0,0,0,0
2108,1982,2.0720735521,4,12,1,1,0,0,0
2108,1983,2.1054711856,5,12,1,1,0,0,0
2108,1984,2.0519309158,6,12,1,1,0,0,0
2108,1985,2.3332613615,7,12,1,1,0,0,0
2108,1986,2.4710344039,8,12,1,1,0,0,0
2108,1987,2.4541426467,9,12,1,1,0,0,0
2147,1980,-0.021080988,2,11,0,0,0,0,0
2147,1981,-0.148845628,3,11,0,0,0,0,0
2147,1982,0.1806952937,4,11,0,0,0,0,0
2147,1983,-0.036154479,5,11,0,0,0,0,0
2147,1984,0.39734814,6,11,0,0,0,0,0
2147,1985,0.9726212532,7,11,0,0,0,0,0
2147,1986,0.5630944275,8,11,0,0,0,0,0
2147,1987,0.7590700441,9,11,0,0,0,0,0
2157,1980,1.4620843064,5,11,0,0,1,0,0
2157,1981,0.3267932026,6,11,0,1,1,0,0
2157,1982,1.5639622376,7,11,0,1,1,0,0
2157,1983,1.1131925338,8,11,0,1,1,0,0
2157,1984,1.2096026573,9,11,1,1,0,0,0
2157,1985,1.1294721655,10,11,0,1,1,0,0
2157,1986,1.3545138451,11,11,0,1,0,0,0
2157,1987,0.4922437849,12,11,0,1,1,0,0
2163,1980,2.1682670533,4,12,1,1,0,0,0
2163,1981,2.4831690299,5,12,1,1,0,0,0
2163,1982,1.9002238961,6,12,1,1,0,0,0
2163,1983,2.6029599922,7,12,1,1,0,0,0
2163,1984,2.3287921852,8,12,1,1,0,0,0
2163,1985,2.1897760232,9,12,1,1,0,0,0
2163,1986,2.2285489602,10,12,1,1,0,0,0
2163,1987,2.3231143842,11,12,1,1,0,0,0
2173,1980,1.3426390509,2,12,0,0,0,0,0
2173,1981,1.2957803536,3,12,0,0,0,0,0
2173,1982,1.2337449627,4,12,0,0,0,0,0
2173,1983,1.2041131651,5,12,0,1,0,0,0
2173,1984,1.3078529348,6,12,0,1,0,0,0
2173,1985,1.478279704,7,12,0,1,0,0,0
2173,1986,1.4582121409,8,12,0,1,0,0,0
2173,1987,1.649769831,9,12,0,1,0,0,0
2180,1980,1.1887042499,2,10,0,0,0,0,0
2180,1981,1.4857392908,3,10,0,0,0,0,0
2180,1982,1.22340861,4,10,0,0,0,0,0
2180,1983,1.6474485472,5,10,0,0,0,0,0
2180,1984,1.8003294199,6,10,0,1,0,0,0
2180,1985,1.8713222921,7,10,0,1,0,0,0
2180,1986,1.832206534,8,10,0,1,0,0,0
2180,1987,1.9755621223,9,10,0,1,0,0,0
2183,1980,1.3873749447,1,13,0,0,0,0,0
2183,1981,1.4648566836,2,13,0,0,0,0,0
2183,1982,1.2735658559,3,13,0,0,0,0,0
2183,1983,1.4430471777,4,13,0,1,0,0,0
2183,1984,1.6312530899,5,13,0,1,0,0,0
2183,1985,1.9482833332,6,13,0,1,0,0,0
2183,1986,2.0620853434,7,13,0,1,0,0,0
2183,1987,2.1277628503,8,13,0,1,0,0,0
2216,1980,1.6464505053,1,12,0,1,0,0,0
2216,1981,1.0948693024,2,12,0,1,0,0,0
2216,1982,2.0929137033,3,12,0,0,0,0,0
2216,1983,1.3877175957,4,12,0,0,0,0,0
2216,1984,1.8450653138,5,12,1,1,0,0,0
2216,1985,2.1714268845,6,12,0,1,0,0,0
2216,1986,2.3419663727,7,12,0,0,0,0,0
2216,1987,2.0158877157,8,12,0,1,0,0,0
2220,1980,1.957223909,2,14,1,0,0,0,0
2220,1981,1.7274651185,3,14,1,0,0,0,0
2220,1982,2.0582281453,4,14,1,0,0,0,0
2220,1983,2.3903863923,5,14,0,1,0,0,0
2220,1984,2.4297607861,6,14,1,1,0,0,0
2220,1985,2.6290079938,7,14,0,0,0,0,0
2220,1986,2.3426391533,8,14,0,0,0,0,0
2220,1987,2.4000754254,9,14,0,1,0,0,0
2227,1980,1.0913246226,3,12,0,1,0,0,0
2227,1981,1.4457177816,4,12,0,1,0,0,0
2227,1982,1.4505526955,5,12,1,1,0,0,0
2227,1983,1.4785500108,6,12,0,1,0,0,0
2227,1984,1.5490149916,7,12,0,1,0,0,0
2227,1985,1.478279704,8,12,0,1,0,0,0
2227,1986,1.4945797851,9,12,0,0,0,0,0
2227,1987,1.5891452092,10,12,1,1,0,0,0
2264,1980,1.0564373636,2,12,0,0,0,1,0
2264,1981,1.0296194172,3,12,0,0,0,1,0
2264,1982,1.381417384,4,12,1,0,0,1,0
2264,1983,1.4377280162,5,12,1,0,0,1,0
2264,1984,1.6180078631,6,12,1,0,0,1,0
2264,1985,-0.59378173,7,12,0,0,0,1,0
2264,1986,1.6405336977,8,12,0,1,0,1,0
2264,1987,1.649769831,9,12,1,1,0,1,0
2306,1980,1.6497392092,3,9,0,0,0,0,0
2306,1981,-0.405465108,4,9,0,1,0,0,0
2306,1982,1.0058052391,5,9,0,1,0,0,0
2306,1983,1.1526936767,6,9,0,1,0,0,0
2306,1984,1.4210928667,7,9,0,1,0,0,0
2306,1985,1.2734852913,8,9,1,1,0,0,0
2306,1986,1.2381502561,9,9,0,1,0,0,0
2306,1987,1.7069282448,10,9,0,1,0,0,0
2312,1980,1.6373816375,2,13,0,1,0,0,0
2312,1981,1.7194388076,3,13,0,1,0,0,0
2312,1982,1.9268921432,4,13,0,1,0,0,0
2312,1983,1.9921316585,5,13,0,1,0,0,0
2312,1984,2.1765648897,6,13,0,0,0,0,0
2312,1985,2.0711030702,7,13,0,0,0,0,0
2312,1986,2.4013010659,8,13,0,0,0,0,0
2312,1987,2.3429170115,9,13,0,0,0,0,0
2314,1980,2.0357862315,5,12,0,0,1,0,0
2314,1981,1.9293808471,6,12,0,0,0,0,0
2314,1982,1.8988004084,7,12,0,0,0,0,0
2314,1983,2.0883155824,8,12,0,1,0,0,0
2314,1984,2.0234729712,9,12,1,1,0,0,0
2314,1985,2.0110842344,10,12,1,1,0,0,0
2314,1986,2.0743982803,11,12,1,1,0,0,0
2314,1987,2.0552349391,12,12,1,1,0,0,0
2329,1980,1.3790984531,1,14,0,1,0,0,0
2329,1981,1.7631720124,2,14,0,1,0,0,0
2329,1982,2.108060519,3,14,0,1,0,0,0
2329,1983,1.8113849152,4,14,0,1,0,0,0
2329,1984,1.7431710061,5,14,0,1,0,0,0
2329,1985,1.9473569783,6,14,0,1,0,0,0
2329,1986,2.1373355201,7,14,0,1,0,0,0
2329,1987,1.8128961709,8,14,0,1,0,0,0
2335,1980,1.5678881828,5,12,0,0,0,0,0
2335,1981,1.5390571157,6,12,0,0,0,0,0
2335,1982,1.285038257,7,12,0,0,0,0,0
2335,1983,1.4377280162,8,12,0,0,0,0,0
2335,1984,1.7625890919,9,12,0,0,0,0,0
2335,1985,1.5146473481,10,12,0,0,0,0,0
2335,1986,1.4945797851,11,12,0,0,0,0,0
2335,1987,1.3014631367,12,12,0,1,0,0,0
2341,1980,0.9020411782,2,11,0,0,0,0,0
2341,1981,1.0788096614,3,11,1,0,0,0,0
2341,1982,1.5625161593,4,11,1,0,0,0,0
2341,1983,1.8441673085,5,11,1,0,0,0,0
2341,1984,1.9056899356,6,11,1,0,0,0,0
2341,1985,2.0623775288,7,11,1,0,0,0,0
2341,1986,2.1664614749,8,11,1,0,0,0,0
2341,1987,2.3602539312,9,11,1,0,0,0,0
2351,1980,1.2248560152,2,11,0,0,0,1,0
2351,1981,0.9346398705,3,11,0,0,0,1,0
2351,1982,1.1051234403,4,11,0,0,0,1,0
2351,1983,1.4402954117,5,11,0,0,0,1,0
2351,1984,1.2082783562,6,11,0,0,0,1,0
2351,1985,0.9550315602,7,11,0,0,0,1,0
2351,1986,1.5540032055,8,11,0,0,0,1,0
2351,1987,1.4948345297,9,11,0,0,0,1,0
2386,1980,1.1972680587,2,10,1,0,0,0,1
2386,1981,0.6295856991,3,10,1,0,0,0,1
2386,1982,0.5838036984,4,10,0,0,0,0,1
2386,1983,0.9254098549,5,10,0,0,0,0,1
2386,1984,1.1120015258,6,10,0,0,0,0,1
2386,1985,1.0756136796,7,10,0,0,0,0,1
2386,1986,1.4762255045,8,10,0,0,0,0,1
2386,1987,1.5285738227,9,10,0,1,0,0,1
2401,1980,1.1866900648,5,12,1,1,0,0,0
2401,1981,1.3062516534,6,12,1,1,0,0,0
2401,1982,1.7356414952,7,12,1,1,0,0,0
2401,1983,1.6822481134,8,12,0,1,0,0,0
2401,1984,1.8729776592,9,12,1,1,0,0,0
2401,1985,1.905983075,10,12,1,1,0,0,0
2401,1986,2.0266076165,11,12,1,0,0,0,0
2401,1987,2.006702363,12,12,0,0,1,0,0
2413,1980,2.1857390041,4,12,1,0,0,0,0
2413,1981,2.190016575,5,12,1,0,0,0,0
2413,1982,2.1892564077,6,12,1,1,0,0,0
2413,1983,2.1020634996,7,12,1,1,0,0,0
2413,1984,2.1433615874,8,12,1,1,0,0,0
2413,1985,2.1137963981,9,12,1,1,0,0,0
2413,1986,2.1791103494,10,12,1,1,0,0,0
2413,1987,2.2822923897,11,12,1,1,0,0,0
2421,1980,1.3787396367,3,12,0,0,0,0,0
2421,1981,1.0498221245,4,12,0,0,0,0,0
2421,1982,1.3124245126,5,12,0,0,0,0,0
2421,1983,1.2283777871,6,12,0,1,0,0,0
2421,1984,1.1435498835,7,12,0,1,0,0,0
2421,1985,1.2669927658,8,12,0,1,0,0,0
2421,1986,1.1262323399,9,12,0,1,0,0,0
2421,1987,1.0678482855,10,12,0,1,0,0,0
2445,1980,1.4625276671,4,12,1,1,0,0,0
2445,1981,1.5475069547,5,12,0,0,0,0,0
2445,1982,1.3350578091,6,12,0,1,0,0,0
2445,1983,1.2193294323,7,12,0,1,0,0,0
2445,1984,1.4783219346,8,12,0,1,0,0,0
2445,1985,2.0212943695,9,12,0,1,0,0,0
2445,1986,1.7347041175,10,12,0,1,0,0,0
2445,1987,1.7854096719,11,12,0,1,0,0,0
2451,1980,1.6021502464,2,12,0,1,0,0,0
2451,1981,1.6347557204,3,12,0,1,0,0,0
2451,1982,1.7392935293,4,12,0,1,0,0,0
2451,1983,1.7811206957,5,12,0,1,0,0,0
2451,1984,1.8050866051,6,12,0,1,0,0,0
2451,1985,2.0996568079,7,12,0,1,0,0,0
2451,1986,2.0664722151,8,12,0,1,0,0,0
2451,1987,1.9300717961,9,12,0,1,0,0,0
2494,1980,0.3398260641,4,13,0,0,0,0,0
2494,1981,0.7121953755,5,13,0,1,0,0,0
2494,1982,1.1443212048,6,13,1,1,0,0,0
2494,1983,0.9807901427,7,13,0,1,0,0,0
2494,1984,1.5887914147,8,13,1,1,0,0,0
2494,1985,1.821450462,9,13,1,1,0,0,0
2494,1986,1.9649179184,10,13,1,1,0,0,0
2494,1987,1.9891308515,11,13,1,1,0,0,0
2508,1980,1.9180031958,3,13,0,0,0,0,0
2508,1981,1.8478489359,4,13,0,1,0,0,0
2508,1982,1.9731728958,5,13,0,1,0,0,0
2508,1983,2.101274727,6,13,0,1,0,0,0
2508,1984,2.0454518779,7,13,0,1,0,0,0
2508,1985,2.1103391925,8,13,0,1,0,0,0
2508,1986,2.0871857364,9,13,0,1,0,0,0
2508,1987,2.0768876627,10,13,0,1,0,0,0
2535,1980,1.7112262718,4,12,1,1,0,0,0
2535,1981,1.6555936379,5,12,1,1,0,0,0
2535,1982,1.6809339141,6,12,0,1,0,0,0
2535,1983,1.5626705466,7,12,0,1,0,0,0
2535,1984,1.6412034207,8,12,0,1,0,0,0
2535,1985,1.5358495558,9,12,0,1,0,0,0
2535,1986,1.5635726566,10,12,1,1,0,0,0
2535,1987,1.6189981723,11,12,0,1,0,0,0
2540,1980,0.9486405325,2,10,0,0,0,0,0
2540,1981,1.0673861878,3,10,0,0,0,0,0
2540,1982,1.275468806,4,10,1,0,0,0,0
2540,1983,1.2197258644,5,10,0,0,0,0,0
2540,1984,1.0694419114,6,10,0,0,0,0,0
2540,1985,1.2446879669,7,10,0,1,0,0,0
2540,1986,1.0302741769,8,10,0,1,0,0,0
2540,1987,1.4416097685,9,10,0,1,0,0,0
2685,1980,1.8400416543,2,13,0,0,0,0,0
2685,1981,1.7981492673,3,13,0,0,0,0,0
2685,1982,2.098899185,4,13,0,0,0,0,0
2685,1983,2.2670073711,5,13,0,0,0,0,0
2685,1984,2.3694239518,6,13,0,0,0,0,0
2685,1985,2.396050821,7,13,0,0,0,0,0
2685,1986,2.452834716,8,13,0,0,0,0,0
2685,1987,2.5777566026,9,13,0,0,0,0,0
2711,1980,1.2193865394,2,12,1,1,0,0,0
2711,1981,1.2951888126,3,12,0,1,0,0,0
2711,1982,1.0393692543,4,12,1,0,0,0,0
2711,1983,1.1155158914,5,12,0,0,0,0,0
2711,1984,1.2330507592,6,12,1,0,0,0,0
2711,1985,1.3604966683,7,12,0,1,0,0,0
2711,1986,1.5707468603,8,12,0,0,0,0,0
2711,1987,1.5891452092,9,12,1,0,0,0,0
2718,1980,2.1411467471,3,11,1,1,0,1,0
2718,1981,2.1561564593,4,11,1,1,0,1,0
2718,1982,2.2622111989,5,11,1,0,0,1,0
2718,1983,2.2850258766,6,11,1,0,0,1,0
2718,1984,2.4363181866,7,11,1,0,0,1,0
2718,1985,2.309577223,8,11,1,0,0,1,0
2718,1986,2.3520300169,9,11,1,0,0,1,0
2718,1987,2.3130640484,10,11,1,0,0,1,0
2721,1980,1.5433097464,6,9,0,1,0,0,0
2721,1981,1.5621850276,7,9,0,1,0,0,0
2721,1982,1.5029507589,8,9,1,1,0,0,0
2721,1983,0.8809419739,9,9,0,1,0,0,0
2721,1984,0.231112721,10,9,1,1,0,0,0
2721,1985,1.2008665227,11,9,0,1,0,0,0
2721,1986,0.9096461892,12,9,0,1,0,0,0
2721,1987,1.0207011727,13,9,0,1,0,0,0
2733,1980,0.754852386,4,12,0,0,0,1,0
2733,1981,1.0886619578,5,12,0,0,0,1,0
2733,1982,1.0171588119,6,12,1,1,0,1,0
2733,1983,0.9897032937,7,12,0,1,0,1,0
2733,1984,1.0100184909,8,12,1,1,0,1,0
2733,1985,1.0537664009,9,12,0,1,0,1,0
2733,1986,0.9250136663,10,12,0,1,0,1,0
2733,1987,0.9024289189,11,12,0,1,0,1,0
2741,1980,1.4479995666,5,12,0,1,0,0,0
2741,1981,1.347073648,6,12,0,1,0,0,0
2741,1982,1.285038257,7,12,0,1,0,0,0
2741,1983,1.3507166392,8,12,0,1,0,0,0
2741,1984,1.4356863063,9,12,1,1,0,0,0
2741,1985,1.440539376,10,12,0,1,0,0,0
2741,1986,1.6281111777,11,12,0,1,0,0,0
2741,1987,1.6787573679,12,12,0,1,0,0,0
2745,1980,1.7883253725,3,12,0,0,0,0,0
2745,1981,1.6835458846,4,12,1,0,0,0,0
2745,1982,1.8728249219,5,12,0,0,0,0,0
2745,1983,1.6608715675,6,12,0,1,0,0,0
2745,1984,1.6180078631,7,12,0,1,0,0,0
2745,1985,1.6481787408,8,12,0,1,0,0,0
2745,1986,1.6887357995,9,12,0,0,0,0,0
2745,1987,1.7609954661,10,12,0,0,0,0,0
2751,1980,1.6021502464,4,12,1,0,0,1,0
2751,1981,1.5702171993,5,12,0,1,0,1,0
2751,1982,1.6676886874,6,12,1,1,0,1,0
2751,1983,1.354867253,7,12,1,1,0,1,0
2751,1984,1.5187096421,8,12,1,1,0,1,0
2751,1985,1.5146473481,9,12,1,1,0,1,0
2751,1986,1.7458942134,10,12,0,1,0,1,0
2751,1987,1.9520507029,11,12,1,1,0,1,0
2774,1980,1.9786278176,3,14,0,1,0,0,0
2774,1981,2.1490752334,4,14,0,1,0,0,0
2774,1982,2.2977081159,5,14,0,1,0,0,0
2774,1983,2.0857547615,6,14,0,1,0,0,0
2774,1984,2.1864033387,7,14,0,1,0,0,0
2774,1985,2.0110842344,8,14,0,1,0,0,0
2774,1986,2.0335762858,9,14,0,1,0,0,0
2774,1987,1.9075989403,10,14,0,1,0,0,0
2801,1980,1.1095451687,2,10,1,0,0,0,0
2801,1981,1.2819343458,3,10,0,1,0,0,0
2801,1982,1.2538781734,4,10,0,1,0,0,0
2801,1983,1.2650683704,5,10,0,0,0,0,0
2801,1984,1.2613329192,6,10,0,0,0,0,0
2801,1985,1.2737361589,7,10,0,1,0,0,0
2801,1986,1.3716816488,8,10,0,1,0,0,0
2801,1987,1.5242965624,9,10,1,1,0,0,0
2813,1980,0.6240821548,2,13,0,1,0,0,0
2813,1981,1.2615514745,3,13,0,1,0,0,0
2813,1982,1.6276188554,4,13,0,1,0,0,0
2813,1983,1.6222898428,5,13,0,1,0,0,0
2813,1984,1.6202728697,6,13,0,1,0,0,0
2813,1985,1.5957322654,7,13,0,1,0,0,0
2813,1986,1.7177233364,8,13,0,1,0,0,0
2813,1987,1.6316440167,9,13,0,1,0,0,0
2833,1980,1.8913349487,2,12,0,1,0,0,0
2833,1981,1.7889064002,3,12,0,1,0,0,0
2833,1982,1.835084594,4,12,0,1,0,0,0
2833,1983,1.8879062803,5,12,0,1,0,0,0
2833,1984,1.8470064337,6,12,0,1,0,0,0
2833,1985,1.8889438934,7,12,0,1,0,0,0
2833,1986,1.9228108228,8,12,0,1,0,0,0
2833,1987,1.8334909681,9,12,0,1,0,0,0
2839,1980,1.5548789282,3,13,0,0,0,0,0
2839,1981,1.6471782404,4,13,0,0,0,0,0
2839,1982,1.6864953438,5,13,0,0,0,0,0
2839,1983,1.6405327966,6,13,0,0,0,0,0
2839,1984,1.7431710061,7,13,0,0,0,0,0
2839,1985,2.0260558923,8,13,0,0,0,0,0
2839,1986,1.9465649088,9,13,0,0,0,0,0
2839,1987,1.9735569081,10,13,0,0,0,0,0
2842,1980,1.4792521101,4,13,0,0,0,0,0
2842,1981,1.8257117321,5,13,0,0,0,0,0
2842,1982,1.6914936744,6,13,0,0,0,0,0
2842,1983,1.8087916976,7,13,0,0,0,0,0
2842,1984,1.9825673682,8,13,0,0,0,0,0
2842,1985,1.9831136981,9,13,0,0,0,0,0
2842,1986,2.8261842599,10,13,0,0,0,0,0
2842,1987,2.4111252616,11,13,0,0,0,0,0
2866,1980,1.3368503227,3,9,0,0,1,0,0
2866,1981,1.4943788522,4,9,1,1,0,0,0
2866,1982,2.0407535148,5,9,0,1,0,0,0
2866,1983,1.9929730281,6,9,0,1,0,0,0
2866,1984,1.9392126276,7,9,0,1,1,0,0
2866,1985,2.0886628752,8,9,0,1,0,0,0
2866,1986,2.2845767916,9,9,0,1,0,0,0
2866,1987,1.9367043197,10,9,0,1,1,0,0
2868,1980,2.2936020324,3,13,1,0,0,0,0
2868,1981,1.5657366645,4,13,0,0,0,0,0
2868,1982,1.8126528912,5,13,0,0,0,0,0
2868,1983,1.8985432194,6,13,0,1,0,0,0
2868,1984,2.007620777,7,13,0,1,0,0,0
2868,1985,2.1435565335,8,13,0,1,0,0,0
2868,1986,3.3975260044,9,13,0,1,0,0,0
2868,1987,2.0713496635,10,13,0,1,0,0,0
2874,1980,0.3789327255,4,9,0,0,0,0,1
2874,1981,1.0751399325,5,9,0,0,1,0,1
2874,1982,0.7465226412,6,9,0,0,0,0,1
2874,1983,1.2066162953,7,9,0,0,0,0,1
2874,1984,1.1857236707,8,9,0,0,0,0,1
2874,1985,1.3273967199,9,9,0,0,0,0,1
2874,1986,1.198237766,10,9,0,0,0,0,1
2874,1987,1.4086568335,11,9,0,0,0,0,1
2916,1980,1.1840340207,2,12,0,0,0,0,0
2916,1981,1.7186639142,3,12,0,0,0,0,0
2916,1982,1.6964984307,4,12,0,0,0,0,0
2916,1983,1.7254100887,5,12,0,0,0,0,0
2916,1984,1.9751244273,6,12,0,0,0,0,0
2916,1985,0.9419309361,7,12,0,0,0,0,0
2916,1986,1.4204718129,8,12,0,0,0,0,0
2916,1987,1.6464776723,9,12,0,0,0,0,0
2951,1980,1.1627242341,6,9,0,0,0,1,0
2951,1981,1.2039728043,7,9,0,0,0,1,0
2951,1982,1.0808771566,8,9,0,0,0,1,0
2951,1983,0.8325663969,9,9,0,0,0,1,0
2951,1984,1.1822374055,10,9,0,0,0,1,0
2951,1985,1.3604966683,11,9,0,0,0,1,0
2951,1986,1.3571769625,12,9,0,0,0,1,0
2951,1987,1.3815058444,13,9,0,0,0,1,0
2980,1980,1.6665612084,2,15,0,1,0,0,0
2980,1981,1.337504197,3,15,0,1,0,0,0
2980,1982,1.372461072,4,15,0,1,0,0,0
2980,1983,1.577874648,5,15,0,1,0,0,0
2980,1984,1.1145034035,6,15,0,1,0,0,0
2980,1985,1.7080187411,7,15,0,1,0,0,0
2980,1986,1.8005272055,8,15,0,1,0,0,0
2980,1987,1.9607087656,9,15,0,1,0,0,0
2994,1980,1.3048987229,3,12,0,0,0,0,0
2994,1981,1.3165610231,4,12,0,0,1,0,0
2994,1982,1.7318095848,5,12,0,1,0,0,0
2994,1983,1.5310159507,6,12,0,1,0,0,0
2994,1984,1.9202180361,7,12,0,1,0,0,0
2994,1985,1.5783656929,8,12,0,1,0,0,0
2994,1986,2.050057512,9,12,0,1,0,0,0
2994,1987,1.9465072023,10,12,0,1,0,0,0
2997,1980,1.4002089027,3,12,0,0,0,0,0
2997,1981,1.6259322597,4,12,0,0,0,0,0
2997,1982,1.9077143693,5,12,0,0,0,0,0
2997,1983,1.7050510793,6,12,0,0,0,0,0
2997,1984,1.8186785586,7,12,0,0,0,0,0
2997,1985,1.772908929,8,12,0,1,0,0,0
2997,1986,1.7234213575,9,12,0,1,0,0,0
2997,1987,2.0434004814,10,12,0,1,0,0,0
3017,1980,1.4581028811,1,14,1,0,0,0,0
3017,1981,1.7600791326,2,14,1,1,0,0,0
3017,1982,1.7886782212,3,14,1,1,0,0,0
3017,1983,2.0529284483,4,14,1,1,0,0,0
3017,1984,2.4364784559,5,14,0,1,0,0,0
3017,1985,2.9014225941,6,14,0,1,0,0,0
3017,1986,3.0795696339,7,14,0,1,0,0,0
3017,1987,2.6246993619,8,14,0,1,0,0,0
3037,1980,2.0685760543,4,12,1,0,0,0,0
3037,1981,2.1580038642,5,12,1,1,0,0,0
3037,1982,2.2013289889,6,12,1,1,0,0,0
3037,1983,2.092653984,7,12,1,1,0,0,0
3037,1984,2.4755388998,8,12,1,1,0,0,0
3037,1985,2.2169858237,9,12,1,1,0,0,0
3037,1986,2.2672647503,10,12,1,1,0,0,0
3037,1987,2.2771772891,11,12,1,1,0,0,0
3059,1980,1.8639359745,5,12,1,0,0,0,0
3059,1981,1.6171061271,6,12,1,0,0,0,0
3059,1982,1.8669598025,7,12,1,0,0,0,0
3059,1983,1.7823875234,8,12,1,0,0,0,0
3059,1984,1.8688318308,9,12,1,1,0,0,0
3059,1985,1.8033205876,10,12,1,1,0,0,0
3059,1986,1.665594271,11,12,1,1,0,0,0
3059,1987,1.7169785807,12,12,1,1,0,0,0
3062,1980,2.1411467471,2,15,0,0,0,0,0
3062,1981,2.2014889761,3,15,0,0,0,0,0
3062,1982,2.1811262816,4,15,0,0,0,0,0
3062,1983,2.2670073711,5,15,0,0,0,0,0
3062,1984,2.4215031008,6,15,0,0,0,0,0
3062,1985,2.43093808,7,15,0,0,0,0,0
3062,1986,2.5836226227,8,15,0,0,0,0,0
3062,1987,2.649536285,9,15,0,0,0,0,0
3100,1980,1.515658215,4,12,0,1,0,0,0
3100,1981,1.2937669301,5,12,0,1,0,0,0
3100,1982,1.3676885281,6,12,0,1,0,0,0
3100,1983,1.6762130069,7,12,0,1,0,0,0
3100,1984,1.9755424375,8,12,1,1,0,0,0
3100,1985,2.1336865565,9,12,1,1,0,0,0
3100,1986,2.1136189935,10,12,1,1,0,0,0
3100,1987,2.1838523169,11,12,1,1,0,0,0
3102,1980,0.5911322552,1,12,0,0,0,0,0
3102,1981,0.6889891704,2,12,0,0,0,0,0
3102,1982,0.8467833261,3,12,0,0,0,0,0
3102,1983,1.1925219497,4,12,0,0,0,0,0
3102,1984,0.9618112472,5,12,0,0,0,0,0
3102,1985,0.8861319331,6,12,0,0,0,0,0
3102,1986,1.0001180923,7,12,0,0,0,0,0
3102,1987,1.723409471,8,12,0,0,0,0,0
3127,1980,0.4836515397,2,10,0,0,0,0,0
3127,1981,0.0304592075,3,10,0,0,0,0,0
3127,1982,0.6876821411,4,10,0,0,0,0,0
3127,1983,0.6755879642,5,10,0,0,0,0,0
3127,1984,0.646537169,6,10,0,0,0,0,0
3127,1985,0.9550315602,7,10,0,0,0,0,0
3127,1986,1.5635726566,8,10,0,0,0,0,0
3127,1987,1.3014631367,9,10,0,1,0,0,0
3136,1980,1.6303211234,3,12,1,0,0,0,0
3136,1981,1.9348603129,4,12,1,0,0,0,0
3136,1982,1.9268921432,5,12,1,0,0,0,0
3136,1983,1.620049573,6,12,1,0,0,0,0
3136,1984,2.0454518779,7,12,1,0,0,0,0
3136,1985,2.1336865565,8,12,1,0,0,0,0
3136,1986,1.9465649088,9,12,1,0,0,0,0
3136,1987,2.0354323118,10,12,1,0,0,0,0
3137,1980,1.9782432762,2,14,0,0,0,0,0
3137,1981,1.7438099945,3,14,0,0,0,0,0
3137,1982,1.9293952734,4,14,0,0,0,0,0
3137,1983,2.0610316234,5,14,0,0,0,0,0
3137,1984,2.2645651004,6,14,0,1,0,0,0
3137,1985,2.1527347515,7,14,0,0,0,0,0
3137,1986,2.2895096599,8,14,0,0,0,0,0
3137,1987,2.3130640484,9,14,0,0,1,0,0
3138,1980,1.6027331668,4,12,1,0,0,0,0
3138,1981,2.1994008568,5,12,1,0,0,0,0
3138,1982,1.6082441808,6,12,1,0,0,0,0
3138,1983,1.3780087815,7,12,0,0,0,0,0
3138,1984,1.8543966412,8,12,1,0,0,0,0
3138,1985,1.5146473481,9,12,0,0,0,0,0
3138,1986,1.6616338697,10,12,0,0,0,0,0
3138,1987,2.3747576174,11,12,1,0,0,0,0
3140,1980,1.7402213191,3,13,0,0,0,0,0
3140,1981,1.8537578666,4,13,0,0,0,0,0
3140,1982,1.9259996844,5,13,0,1,0,0,0
3140,1983,2.0107638714,6,13,0,1,0,0,0
3140,1984,2.0168232303,7,13,0,1,0,0,0
3140,1985,2.0466751795,8,13,0,1,0,0,0
3140,1986,2.2384923234,9,13,0,1,0,0,0
3140,1987,2.2457223369,10,13,0,1,0,0,0
3193,1980,0.9163473372,2,11,0,0,0,0,0
3193,1981,1.4492341609,3,11,0,0,0,0,0
3193,1982,1.9268921432,4,11,0,0,0,0,0
3193,1983,2.0438638198,5,11,0,0,0,0,0
3193,1984,2.1486361142,6,11,0,0,0,0,0
3193,1985,2.1714268845,7,11,0,1,0,0,0
3193,1986,2.2399127188,8,11,0,1,0,0,0
3193,1987,2.2822923897,9,11,0,1,0,0,0
3196,1980,1.9786278176,3,12,1,0,0,0,0
3196,1981,1.9348603129,4,12,1,0,0,0,0
3196,1982,1.818555292,5,12,1,0,0,0,0
3196,1983,1.9435410982,6,12,1,0,0,0,0
3196,1984,1.8666372083,7,12,1,0,0,0,0
3196,1985,2.0193974101,8,12,1,0,0,0,0
3196,1986,1.9430853924,9,12,1,0,0,0,0
3196,1987,1.5531842411,10,12,0,0,0,0,0
3200,1980,1.4963527633,7,8,1,0,0,0,0
3200,1981,1.7780606249,8,8,1,0,0,0,0
3200,1982,1.8327017573,9,8,1,0,0,0,0
3200,1983,1.9729592674,10,8,1,0,0,0,0
3200,1984,1.0286199168,11,8,1,0,0,0,0
3200,1985,1.4938418238,12,8,0,0,0,0,0
3200,1986,1.3404291052,13,8,0,0,0,0,0
3200,1987,1.9002996378,14,8,0,1,0,0,0
3202,1980,1.7909935654,3,12,1,0,0,0,0
3202,1981,1.8471095643,4,12,1,0,0,0,0
3202,1982,1.6806503201,5,12,1,1,0,0,0
3202,1983,1.7777603763,6,12,1,1,0,0,0
3202,1984,1.7894527342,7,12,1,1,0,0,0
3202,1985,1.7933607506,8,12,1,1,0,0,0
3202,1986,2.1920906089,9,12,1,1,0,0,0
3202,1987,1.844475447,10,12,1,1,0,0,0
3207,1980,1.6960437772,4,12,0,1,0,0,0
3207,1981,1.5860905484,5,12,0,1,0,0,0
3207,1982,1.5626699936,6,12,0,1,0,0,0
3207,1983,1.5774899586,7,12,0,1,0,0,0
3207,1984,1.5841063114,8,12,0,1,0,0,0
3207,1985,1.3917492118,9,12,0,1,0,0,0
3207,1986,1.6027933697,10,12,0,1,0,0,0
3207,1987,1.6148575723,11,12,0,1,0,0,0
3208,1980,1.8763489685,3,12,1,0,0,0,0
3208,1981,1.8205019381,4,12,1,1,0,0,0
3208,1982,1.8721258656,5,12,1,1,0,0,0
3208,1983,2.0931348688,6,12,1,1,0,0,0
3208,1984,2.2721528859,7,12,1,1,0,0,0
3208,1985,2.1523153764,8,12,0,1,0,0,0
3208,1986,2.2356100894,9,12,0,1,0,0,0
3208,1987,2.2995838868,10,12,0,1,0,0,0
3210,1980,1.6468504253,2,10,1,0,0,0,0
3210,1981,1.819177383,3,10,1,0,0,0,0
3210,1982,1.6276188554,4,10,1,0,0,0,0
3210,1983,2.1538289375,5,10,1,0,0,0,0
3210,1984,2.7337783497,6,10,1,0,0,0,0
3210,1985,2.3336630486,7,10,1,0,0,0,0
3210,1986,1.622996077,8,10,0,0,0,0,0
3210,1987,1.7603400865,9,10,0,0,0,0,0
3215,1980,1.6417143072,4,12,0,0,0,0,0
3215,1981,1.5737333983,5,12,1,0,0,0,0
3215,1982,0.9106222129,6,12,0,0,0,0,0
3215,1983,1.1500459438,7,12,1,0,0,0,0
3215,1984,1.5044658217,8,12,1,0,0,0,0
3215,1985,1.5745322006,9,12,1,0,0,0,0
3215,1986,1.5087644201,10,12,1,0,0,0,0
3215,1987,1.6787573679,11,12,1,0,0,0,0
3219,1980,1.320166195,2,11,0,0,0,0,0
3219,1981,0.6998572906,3,11,1,0,0,0,0
3219,1982,1.285038257,4,11,0,0,0,0,0
3219,1983,1.6608715675,5,11,0,0,0,0,0
3219,1984,1.5659423408,6,11,1,0,0,0,0
3219,1985,1.7088033626,7,11,1,0,0,0,0
3219,1986,1.7528897792,8,11,0,0,0,0,0
3219,1987,1.690241326,9,11,0,0,0,0,0
3226,1980,1.2069183146,3,13,0,0,0,0,0
3226,1981,1.443452775,4,13,0,0,0,0,0
3226,1982,0.6258807402,5,13,0,0,0,0,0
3226,1983,1.8602610329,6,13,0,0,0,0,0
3226,1984,2.1675335023,7,13,0,0,0,0,0
3226,1985,2.2736424832,8,13,0,0,0,0,0
3226,1986,2.3709957164,9,13,0,1,0,0,0
3226,1987,2.3338878628,10,13,0,1,0,0,0
3235,1980,1.2332308482,2,12,0,0,0,0,0
3235,1981,1.3151984394,3,12,0,1,0,0,0
3235,1982,1.2762016752,4,12,1,1,0,0,0
3235,1983,1.5520038956,5,12,0,1,0,0,0
3235,1984,1.2881311123,6,12,0,1,0,0,0
3235,1985,1.2768192451,7,12,0,1,0,0,0
3235,1986,1.3967177269,8,12,0,1,0,0,0
3235,1987,1.7680337515,9,12,0,1,0,0,0
3239,1980,1.2082853688,1,11,0,0,0,1,0
3239,1981,1.2552660987,2,11,0,0,0,1,0
3239,1982,-0.26904956,3,11,0,0,0,1,0
3239,1983,0.7217661579,4,11,0,0,0,1,0
3239,1984,0.3703599953,5,11,0,0,0,1,0
3239,1985,1.015656182,6,11,0,0,0,1,0
3239,1986,1.0575663192,7,11,0,0,0,1,0
3239,1987,1.6834558886,8,11,1,0,0,1,0
3271,1980,1.6380431694,6,7,1,0,0,0,0
3271,1981,1.1061405551,7,7,1,0,0,0,0
3271,1982,1.59344646,8,7,0,0,0,0,0
3271,1983,1.5878802901,9,7,0,0,0,0,0
3271,1984,2.0014810002,10,7,0,0,0,0,0
3271,1985,1.7282214484,11,7,0,0,0,0,0
3271,1986,1.684623388,12,7,0,0,0,0,0
3271,1987,1.9300717961,13,7,0,0,0,0,0
3275,1980,1.3919100999,1,12,0,0,0,0,0
3275,1981,1.8201589437,2,12,0,0,0,0,0
3275,1982,0.6094726145,3,12,0,0,0,0,0
3275,1983,1.4920623672,4,12,0,0,0,0,0
3275,1984,1.8073249858,5,12,0,0,0,0,0
3275,1985,1.8499183834,6,12,0,0,0,0,0
3275,1986,1.9869863425,7,12,0,0,0,0,0
3275,1987,3.3431643504,8,12,0,0,0,0,0
3282,1980,1.3583874079,3,10,0,0,0,0,1
3282,1981,1.3766324502,4,10,0,0,0,0,1
3282,1982,1.5474025215,5,10,0,0,0,0,1
3282,1983,1.8431931243,6,10,1,0,0,0,1
3282,1984,2.1288334869,7,10,0,0,0,0,1
3282,1985,2.0536438489,8,10,0,0,0,0,1
3282,1986,1.7766216847,9,10,0,0,0,0,1
3282,1987,2.4093153063,10,10,1,0,0,0,1
3289,1980,1.2319231825,1,15,0,0,0,0,0
3289,1981,1.175223391,2,15,1,0,0,0,0
3289,1982,1.558331592,3,15,0,0,0,0,0
3289,1983,1.6310994092,4,15,0,1,0,0,0
3289,1984,1.8896253331,5,15,0,1,0,0,0
3289,1985,2.065249395,6,15,0,1,0,0,0
3289,1986,2.0743982803,7,15,0,1,0,0,0
3289,1987,2.2822923897,8,15,0,1,0,0,0
3290,1980,1.2380762267,1,12,0,0,0,0,0
3290,1981,1.3064883679,2,12,0,0,0,0,0
3290,1982,1.6328998937,3,12,1,0,0,0,0
3290,1983,1.5542054664,4,12,0,0,0,0,0
3290,1984,1.7826298428,5,12,0,0,0,0,0
3290,1985,1.9603336697,6,12,0,1,0,0,0
3290,1986,2.1409111358,7,12,0,1,0,0,0
3290,1987,2.2177538686,8,12,0,1,0,0,0
3307,1980,1.9738954432,3,14,1,0,0,1,0
3307,1981,2.3909960503,4,14,1,0,0,1,0
3307,1982,2.3562515715,5,14,0,0,0,1,0
3307,1983,2.562250004,6,14,1,0,0,1,0
3307,1984,2.6357747233,7,14,1,0,0,1,0
3307,1985,2.6425300191,8,14,1,0,0,1,0
3307,1986,2.806766174,9,14,1,0,0,1,0
3307,1987,2.8127975714,10,14,1,0,0,1,0
3333,1980,0.5202364335,1,12,0,0,0,0,0
3333,1981,0.057849533,2,12,0,0,0,0,0
3333,1982,1.1112248267,3,12,0,0,0,0,0
3333,1983,1.182082795,4,12,0,0,0,0,0
3333,1984,1.3181632369,5,12,0,0,0,0,0
3333,1985,1.3414484733,6,12,0,0,0,0,0
3333,1986,2.0407122227,7,12,0,0,0,0,0
3333,1987,1.815370427,8,12,0,1,0,0,0
3353,1980,1.3561920173,3,10,0,0,1,0,0
3353,1981,1.0809127116,4,10,0,0,0,0,0
3353,1982,0.6162231771,5,10,0,0,0,0,0
3353,1983,0.9848825849,6,10,0,0,0,0,0
3353,1984,0.7715382848,7,10,0,0,0,0,0
3353,1985,1.209427655,8,10,0,0,0,0,0
3353,1986,2.044626122,9,10,0,0,0,0,0
3353,1987,1.6490222472,10,10,0,0,0,0,0
3380,1980,1.451410827,2,12,0,0,0,0,0
3380,1981,1.421489853,3,12,0,0,0,0,0
3380,1982,1.5653578977,4,12,0,0,0,0,0
3380,1983,1.9995096094,5,12,0,1,0,0,0
3380,1984,1.7227431834,6,12,0,1,0,0,0
3380,1985,1.8207817893,7,12,0,1,0,0,0
3380,1986,2.0428499226,8,12,0,1,0,0,0
3380,1987,1.9330811273,9,12,0,1,0,0,0
3381,1980,1.2271210219,2,10,0,0,0,0,0
3381,1981,1.5293952048,3,10,0,0,0,0,0
3381,1982,1.7356811425,4,10,0,0,0,0,0
3381,1983,1.7414381554,5,10,0,0,0,0,0
3381,1984,1.9491750475,6,10,0,1,0,0,0
3381,1985,2.1755336665,7,10,0,1,0,0,0
3381,1986,1.976417872,8,10,0,1,0,0,0
3381,1987,2.0999708329,9,10,0,1,0,0,0
3389,1980,1.5721126912,3,12,0,0,0,0,0
3389,1981,2.2178198264,4,12,0,0,0,0,0
3389,1982,0.9842216674,5,12,0,0,0,0,0
3389,1983,1.302155439,6,12,0,0,0,0,0
3389,1984,1.8450653138,7,12,0,1,0,0,0
3389,1985,1.9105430052,8,12,0,1,0,0,0
3389,1986,2.3212583583,9,12,0,1,0,0,0
3389,1987,2.4646139465,10,12,0,1,0,0,0
3394,1980,1.9343580842,2,15,0,0,0,1,0
3394,1981,2.0402208285,3,15,0,0,0,1,0
3394,1982,1.9781854376,4,15,0,0,0,1,0
3394,1983,2.0208743016,5,15,0,0,0,1,0
3394,1984,2.1680542,6,15,0,1,0,1,0
3394,1985,2.0944658434,7,15,0,1,0,1,0
3394,1986,1.5789421539,8,15,0,1,0,1,0
3394,1987,1.1684126289,9,15,0,1,0,1,0
3401,1980,1.1801201214,2,11,0,0,0,0,0
3401,1981,0.9523497817,3,11,0,0,0,0,0
3401,1982,1.3879089973,4,11,0,0,0,0,0
3401,1983,1.4689805597,5,11,0,1,0,0,0
3401,1984,1.9296431766,6,11,0,1,0,0,0
3401,1985,2.0445140549,7,11,0,1,0,0,0
3401,1986,1.8838308994,8,11,0,1,1,0,0
3401,1987,2.1123933529,9,11,0,1,0,0,0
3414,1980,1.3378428786,1,16,0,0,0,0,0
3414,1981,2.2082223315,2,16,0,0,0,0,0
3414,1982,1.9976035235,3,16,0,0,0,0,0
3414,1983,2.0555364553,4,16,0,0,0,0,0
3414,1984,1.8737343703,5,16,0,0,0,0,0
3414,1985,2.0101587369,6,16,0,1,0,0,0
3414,1986,2.0328369142,7,16,0,1,0,0,0
3414,1987,2.1952810127,8,16,0,1,0,0,0
3420,1980,2.1220985521,2,13,0,0,0,0,0
3420,1981,0.6539264674,3,13,0,0,0,0,0
3420,1982,1.5823822404,4,13,0,0,0,0,0
3420,1983,1.3354491671,5,13,0,0,0,0,0
3420,1984,1.9211941221,6,13,0,0,0,0,0
3420,1985,0.7652591972,7,13,0,0,0,0,0
3420,1986,1.5398185706,8,13,0,0,0,0,0
3420,1987,2.0354323118,9,13,0,0,0,0,0
3440,1980,0.256118808,2,11,0,0,0,0,0
3440,1981,-1.259880436,3,11,0,0,0,0,0
3440,1982,1.5474025215,4,11,1,1,0,0,0
3440,1983,1.5918786961,5,11,1,1,0,0,0
3440,1984,1.6572285763,6,11,1,1,0,0,0
3440,1985,1.5836402196,7,11,1,1,0,0,0
3440,1986,1.5963624794,8,11,0,0,0,0,0
3440,1987,1.524606688,9,11,1,1,0,0,0
3461,1980,1.1908262667,2,11,0,0,0,0,0
3461,1981,1.5728803167,3,11,0,0,0,0,0
3461,1982,2.1673349859,4,11,0,0,0,0,0
3461,1983,1.8592555024,5,11,0,0,0,0,0
3461,1984,2.0362952105,6,11,0,0,0,0,0
3461,1985,2.1399561695,7,11,0,0,0,0,0
3461,1986,2.1945409939,8,11,0,0,0,0,0
3461,1987,2.0768876627,9,11,0,0,0,0,0
3468,1980,1.601883188,1,14,0,0,0,0,0
3468,1981,1.3766471677,2,14,0,0,0,0,0
3468,1982,1.3483565218,3,14,0,0,0,0,0
3468,1983,1.2161555572,4,14,0,0,0,0,0
3468,1984,1.2539783085,5,14,0,0,0,0,0
3468,1985,1.5055442063,6,14,0,0,0,0,0
3468,1986,1.5270333238,7,14,0,0,0,0,0
3468,1987,1.6978558117,8,14,0,0,0,0,0
3482,1980,2.1307118698,3,13,0,0,0,0,0
3482,1981,2.0024805005,4,13,0,0,0,0,0
3482,1982,2.1605069944,5,13,0,0,0,0,0
3482,1983,1.9803942459,6,13,0,0,0,0,0
3482,1984,2.1590043645,7,13,0,0,0,0,0
3482,1985,2.2427576516,8,13,0,0,0,0,0
3482,1986,2.3212583583,9,13,0,0,0,0,0
3482,1987,2.551577097,10,13,0,1,0,0,0
3495,1980,1.6791112875,5,12,1,0,0,0,0
3495,1981,1.5347143662,6,12,1,0,0,0,0
3495,1982,1.6600470823,7,12,1,0,0,0,0
3495,1983,1.7000922807,8,12,1,0,0,0,0
3495,1984,1.4864402553,9,12,1,0,0,0,0
3495,1985,1.6820802924,10,12,1,0,0,0,0
3495,1986,1.4788073899,11,12,0,1,0,0,0
3495,1987,1.5470570482,12,12,1,1,0,0,0
3503,1980,2.1658393597,4,12,1,0,0,0,0
3503,1981,2.0890109927,5,12,1,0,0,0,0
3503,1982,2.1265623383,6,12,1,0,0,0,0
3503,1983,2.1308751968,7,12,1,0,0,0,0
3503,1984,2.1288334869,8,12,1,0,0,0,0
3503,1985,2.0944658434,9,12,1,0,0,0,0
3503,1986,2.0743982803,10,12,1,1,0,0,0
3503,1987,2.0354323118,11,12,0,1,0,0,0
3525,1980,0.9318462797,1,14,1,0,0,0,0
3525,1981,1.9584889313,2,14,0,0,0,0,0
3525,1982,1.7392028223,3,14,0,0,0,0,0
3525,1983,1.877426296,4,14,0,0,0,0,0
3525,1984,2.5298442446,5,14,0,0,0,0,0
3525,1985,3.4493633504,6,14,0,0,0,0,0
3525,1986,2.8627488088,7,14,0,0,0,0,0
3525,1987,3.0162615648,8,14,0,0,0,0,0
3526,1980,1.710363831,4,12,0,0,0,0,0
3526,1981,1.6094379124,5,12,0,1,0,0,0
3526,1982,1.5925229568,6,12,0,1,0,0,0
3526,1983,1.5918786961,7,12,0,1,0,0,0
3526,1984,1.6920753076,8,12,1,1,0,0,0
3526,1985,1.8713222921,9,12,1,1,0,0,0
3526,1986,1.851254729,10,12,1,1,0,0,0
3526,1987,1.9520507029,11,12,1,1,0,0,0
3538,1980,2.0631852056,5,12,1,1,0,1,0
3538,1981,2.0402208285,6,12,1,1,0,1,0
3538,1982,2.2013289889,7,12,1,1,0,1,0
3538,1983,2.0663366757,8,12,1,1,0,1,0
3538,1984,1.9780105971,9,12,1,1,0,1,0
3538,1985,1.9245947587,10,12,1,1,0,1,0
3538,1986,2.1498360919,11,12,1,0,0,1,0
3538,1987,1.9211431654,12,12,0,0,0,1,0
3563,1980,1.6711431179,3,11,1,0,0,0,0
3563,1981,1.6094379124,4,11,1,0,0,0,0
3563,1982,1.8218393672,5,11,0,0,0,0,0
3563,1983,1.8431931243,6,11,0,0,0,0,0
3563,1984,1.9316987547,7,11,1,1,0,0,0
3563,1985,1.943332828,8,11,1,1,0,0,0
3563,1986,1.901922828,9,11,0,1,0,0,0
3563,1987,2.0012668139,10,11,1,1,0,0,0
3575,1980,1.9643077638,4,12,0,0,0,0,0
3575,1981,2.0649134411,5,12,0,1,0,0,0
3575,1982,2.0269756018,6,12,0,1,0,0,0
3575,1983,2.0883155824,7,12,0,1,0,0,0
3575,1984,2.0880114924,8,12,0,1,0,0,0
3575,1985,2.2077945287,9,12,0,1,0,0,0
3575,1986,2.1877269656,10,12,0,1,0,0,0
3575,1987,2.1487609971,11,12,0,1,0,0,0
3580,1980,1.4432033943,2,12,0,0,0,0,0
3580,1981,1.4171660248,3,12,0,0,0,0,0
3580,1982,1.6527630372,4,12,0,0,0,0,0
3580,1983,1.6936613904,5,12,0,0,0,0,0
3580,1984,1.6825463843,6,12,0,0,0,0,0
3580,1985,1.6782228621,7,12,0,0,0,0,0
3580,1986,1.481682544,8,12,0,0,0,0,0
3580,1987,1.437259536,9,12,0,1,0,0,0
3581,1980,1.1263234911,2,14,0,0,0,0,0
3581,1981,0.2309867288,3,14,0,0,0,0,0
3581,1982,2.2271266817,4,14,0,0,0,0,0
3581,1983,2.1716971913,5,14,0,0,0,0,0
3581,1984,2.220440789,6,14,0,1,0,0,0
3581,1985,2.1814772204,7,14,0,1,0,0,0
3581,1986,2.4390413939,8,14,0,1,0,0,0
3581,1987,2.5104234826,9,14,0,1,0,0,0
3589,1980,1.6711431179,2,12,1,1,0,0,0
3589,1981,2.0249533564,3,12,1,1,0,0,0
3589,1982,-0.487303126,4,12,1,1,0,0,0
3589,1983,1.861542263,5,12,1,1,0,0,0
3589,1984,1.9449106487,6,12,1,1,0,0,0
3589,1985,1.8713222921,7,12,1,1,0,0,0
3589,1986,1.9422373767,8,12,1,1,0,0,0
3589,1987,2.0334303091,9,12,1,1,0,0,0
3591,1980,1.1188803042,2,12,0,0,0,0,0
3591,1981,1.8392400075,3,12,0,0,0,0,0
3591,1982,1.8927637056,4,12,1,1,0,0,0
3591,1983,1.9573481877,5,12,1,1,0,0,0
3591,1984,2.0327019961,6,12,1,1,0,0,0
3591,1985,2.1883931744,7,12,1,1,0,0,0
3591,1986,2.3037753359,8,12,1,0,0,0,0
3591,1987,2.2772119385,9,12,1,0,0,0,0
3598,1980,1.7669975883,3,12,0,0,0,0,0
3598,1981,1.8012971737,4,12,0,0,0,0,0
3598,1982,1.9258828621,5,12,0,0,0,0,0
3598,1983,2.0438638198,6,12,0,0,0,0,0
3598,1984,2.1299024341,7,12,0,0,0,0,0
3598,1985,2.1590043645,8,12,0,1,0,0,0
3598,1986,2.2238935239,9,12,0,1,0,0,0
3598,1987,2.1307424916,10,12,1,1,0,0,0
3602,1980,2.0102411766,5,12,1,0,0,0,0
3602,1981,2.0721858048,6,12,1,0,0,0,0
3602,1982,2.2616031113,7,12,0,0,0,0,0
3602,1983,2.2109179045,8,12,1,1,0,0,0
3602,1984,2.2421621722,9,12,1,1,0,0,0
3602,1985,2.0800824986,10,12,1,1,0,0,0
3602,1986,2.1389368015,11,12,0,1,0,0,0
3602,1987,2.1605954547,12,12,1,1,0,0,0
3607,1980,0.9072417973,7,10,0,0,0,0,0
3607,1981,0.0747235462,8,10,0,0,0,0,0
3607,1982,0.1715794603,9,10,0,0,0,0,0
3607,1983,0.9480025645,10,10,0,0,0,0,0
3607,1984,1.2270708556,11,10,0,0,0,0,0
3607,1985,0.4354531453,12,10,0,0,0,0,0
3607,1986,0.638811979,13,10,0,0,0,0,0
3607,1987,1.6775561665,14,10,0,0,0,0,0
3621,1980,1.5084976782,4,12,0,0,1,0,0
3621,1981,1.8316053778,5,12,1,0,0,0,0
3621,1982,1.506580527,6,12,1,0,0,0,0
3621,1983,1.6316551191,7,12,1,0,0,0,0
3621,1984,1.5450165857,8,12,1,0,0,0,0
3621,1985,1.8200289977,9,12,1,0,0,0,0
3621,1986,1.6419582185,10,12,1,0,1,0,0
3621,1987,1.6889905441,11,12,0,0,1,0,0
3628,1980,1.8422159621,3,14,0,1,0,0,0
3628,1981,1.7361896181,4,14,0,1,0,0,0
3628,1982,2.2919916843,5,14,0,1,0,0,0
3628,1983,1.8380289668,6,14,0,1,0,0,0
3628,1984,2.3319420551,7,14,0,1,0,0,0
3628,1985,2.2888794459,8,14,0,1,0,0,0
3628,1986,2.5101442959,9,14,0,1,0,0,0
3628,1987,2.4609520205,10,14,0,1,0,0,0
3653,1980,1.670645894,2,12,0,1,0,0,0
3653,1981,1.9392771038,3,12,0,1,0,0,0
3653,1982,2.0495850491,4,12,0,1,0,0,0
3653,1983,2.010247209,5,12,0,1,0,0,0
3653,1984,2.0917922152,6,12,0,1,0,0,0
3653,1985,2.0233384994,7,12,0,0,0,0,0
3653,1986,1.9755976956,8,12,0,0,0,0,0
3653,1987,1.853110755,9,12,0,1,0,0,0
3706,1980,1.6744108136,4,13,0,0,0,0,0
3706,1981,1.7917594692,5,13,0,0,0,0,0
3706,1982,1.5187977109,6,13,0,0,0,0,0
3706,1983,1.7254100887,7,13,0,0,0,0,0
3706,1984,1.6486448326,8,13,0,0,0,0,0
3706,1985,1.7776697238,9,13,0,0,0,0,0
3706,1986,1.7732931875,10,13,0,0,0,0,0
3706,1987,1.8122887605,11,13,0,1,0,0,0
3707,1980,-1.103046886,2,13,0,0,0,0,0
3707,1981,1.8638262568,3,13,0,1,0,0,0
3707,1982,1.7443302307,4,13,0,1,0,0,0
3707,1983,2.1128841642,5,13,0,1,0,0,0
3707,1984,2.081042823,6,13,0,1,0,0,0
3707,1985,2.4019505431,7,13,0,1,0,0,0
3707,1986,2.4931086152,8,13,0,1,0,0,0
3707,1987,2.7285794924,9,13,0,1,0,0,0
3708,1980,1.6805250082,1,12,0,0,0,0,0
3708,1981,1.7032289764,2,12,0,0,0,0,0
3708,1982,1.6688491749,3,12,1,0,0,0,0
3708,1983,2.018771941,4,12,1,0,0,0,0
3708,1984,2.0238736925,5,12,1,0,0,0,0
3708,1985,2.1220810104,6,12,1,0,0,0,0
3708,1986,2.0145280908,7,12,1,0,0,0,0
3708,1987,2.1487609971,8,12,1,0,0,0,0
3743,1980,1.2561085587,1,11,0,0,0,0,0
3743,1981,1.716536048,2,11,0,0,0,0,0
3743,1982,1.7210121377,3,11,0,0,0,0,0
3743,1983,1.7646308018,4,11,0,0,0,0,0
3743,1984,2.1474695623,5,11,0,1,0,0,0
3743,1985,2.0894418547,6,11,0,1,0,0,0
3743,1986,2.1484283981,7,11,0,1,0,0,0
3743,1987,2.1604689445,8,11,0,1,0,0,0
3777,1980,1.9487748545,2,12,1,1,0,0,0
3777,1981,2.0402208285,3,12,1,1,0,0,0
3777,1982,2.0665167764,4,12,1,1,0,0,0
3777,1983,2.2109179045,5,12,1,1,0,0,0
3777,1984,2.0840453041,6,12,1,1,0,0,0
3777,1985,2.0944658434,7,12,1,1,0,0,0
3777,1986,1.9804001497,8,12,1,1,0,0,0
3777,1987,1.9979314761,9,12,1,1,0,0,0
3831,1980,1.1731240282,3,11,0,0,0,0,0
3831,1981,1.3188816849,4,11,0,0,0,0,0
3831,1982,1.4803812894,5,11,0,0,0,0,0
3831,1983,1.6137507709,6,11,0,0,0,0,0
3831,1984,1.4068405028,7,11,0,0,0,0,0
3831,1985,1.3917492118,8,11,0,1,0,0,0
3831,1986,1.2916389411,9,11,0,1,0,0,0
3831,1987,1.3327156802,10,11,0,1,0,0,0
3844,1980,1.4404162135,3,11,0,0,0,0,0
3844,1981,1.4139458925,4,11,0,0,0,0,0
3844,1982,1.5474025215,5,11,0,0,0,0,0
3844,1983,1.7688287091,6,11,0,0,0,0,0
3844,1984,1.7664278682,7,11,0,0,0,0,0
3844,1985,1.8713222921,8,11,0,0,0,0,0
3844,1986,1.7102716413,9,11,0,0,0,0,0
3844,1987,1.6103474168,10,11,0,0,0,0,0
3847,1980,2.2493603318,3,12,1,0,0,0,0
3847,1981,2.3597435068,4,12,1,0,0,0,0
3847,1982,2.2797704152,5,12,1,1,0,0,0
3847,1983,2.3201171964,6,12,1,1,0,0,0
3847,1984,2.3044660555,7,12,1,1,0,0,0
3847,1985,2.4019505431,8,12,1,1,0,0,0
3847,1986,2.4390413939,9,12,1,1,0,0,0
3847,1987,2.4541426467,10,12,1,1,0,0,0
3848,1980,1.9980459035,2,12,0,0,0,0,0
3848,1981,1.8931595837,3,12,0,0,0,0,0
3848,1982,1.8523903411,4,12,0,0,0,0,0
3848,1983,1.6205304579,5,12,0,0,0,0,0
3848,1984,1.9962039431,6,12,0,0,0,0,0
3848,1985,1.583858775,7,12,0,0,0,0,0
3848,1986,1.8490382523,8,12,0,1,0,0,0
3848,1987,2.0591488384,9,12,0,1,0,0,0
3882,1980,0.5945394135,1,15,1,0,0,0,0
3882,1981,0.5461649902,2,15,0,0,0,0,0
3882,1982,0.9526954138,3,15,0,0,0,0,0
3882,1983,0.7713790288,4,15,0,0,0,0,0
3882,1984,2.0282922577,5,15,0,0,0,0,0
3882,1985,1.9651311955,6,15,0,0,0,0,0
3882,1986,1.90558908,7,15,0,0,0,0,0
3882,1987,1.6559426901,8,15,0,0,0,0,0
3937,1980,1.4479995666,3,11,0,0,0,1,0
3937,1981,1.328025453,4,11,1,0,0,1,0
3937,1982,1.5239301653,5,11,1,0,0,1,0
3937,1983,1.5949603626,6,11,0,0,0,1,0
3937,1984,2.4451541632,7,11,1,0,0,1,0
3937,1985,1.7360646259,8,11,0,1,0,1,0
3937,1986,1.6933073773,9,11,1,1,0,1,0
3937,1987,1.9829378161,10,11,1,1,0,1,0
4000,1980,1.6112729284,9,7,0,0,0,0,0
4000,1981,1.7525387561,10,7,0,0,0,0,0
4000,1982,1.6714551702,11,7,0,0,0,0,0
4000,1983,1.4377280162,12,7,0,1,0,0,0
4000,1984,1.9056899356,13,7,0,1,0,0,0
4000,1985,1.424010074,14,7,0,1,0,0,0
4000,1986,1.8038609693,15,7,0,1,0,0,0
4000,1987,1.524606688,16,7,0,1,0,0,0
4004,1980,2.0076153545,4,12,0,0,0,0,0
4004,1981,2.1799827709,5,12,0,0,0,0,0
4004,1982,1.9781854376,6,12,0,0,0,0,0
4004,1983,1.94855364,7,12,0,0,0,0,0
4004,1984,2.0880114924,8,12,0,0,0,0,0
4004,1985,2.0944658434,9,12,0,0,0,0,0
4004,1986,1.9910166714,10,12,0,0,0,0,0
4004,1987,2.0354323118,11,12,0,1,0,0,0
4025,1980,0.8568673114,2,9,0,0,0,0,0
4025,1981,1.3325041865,3,9,0,0,0,0,0
4025,1982,1.3052107752,4,9,0,1,0,0,0
4025,1983,1.2145844649,5,9,0,1,0,0,0
4025,1984,1.2479246919,6,9,0,0,0,0,0
4025,1985,1.463113698,7,9,1,0,0,0,0
4025,1986,1.3404291052,8,9,0,0,0,0,0
4025,1987,2.0438813663,9,9,0,0,0,0,0
4032,1980,1.3149490588,1,11,1,0,0,0,0
4032,1981,1.1941728754,2,11,0,0,0,0,0
4032,1982,0.9009272146,3,11,0,0,0,0,0
4032,1983,1.2545327154,4,11,0,0,0,0,0
4032,1984,1.3828891917,5,11,0,0,0,0,0
4032,1985,1.6126194387,6,11,0,0,0,0,0
4032,1986,1.8687139504,7,11,0,0,0,0,0
4032,1987,1.8152517256,8,11,0,1,0,0,0
4046,1980,1.4384301155,6,9,0,1,0,0,0
4046,1981,1.541708465,7,9,0,1,0,0,0
4046,1982,1.4197477374,8,9,0,1,0,0,0
4046,1983,1.6799833278,9,9,0,1,0,0,0
4046,1984,1.3889991924,10,9,0,1,0,0,0
4046,1985,1.4346742565,11,9,0,1,0,0,0
4046,1986,1.5570691252,12,9,0,1,0,0,0
4046,1987,1.4846592017,13,9,0,1,0,0,0
4088,1980,2.2042504007,4,13,0,0,0,0,0
4088,1981,2.411656188,5,13,0,0,0,0,0
4088,1982,2.3146576742,6,13,0,0,0,0,0
4088,1983,2.5081694279,7,13,0,0,0,0,0
4088,1984,2.5988371161,8,13,0,0,0,0,0
4088,1985,2.7003738574,9,13,0,0,0,0,0
4088,1986,2.7414467079,10,13,0,1,0,0,0
4088,1987,2.6634401902,11,13,0,1,0,0,0
4091,1980,2.5641342059,3,12,1,1,0,0,0
4091,1981,2.5102244578,4,12,1,1,0,0,0
4091,1982,2.5933710767,5,12,1,1,0,0,0
4091,1983,2.5637392791,6,12,1,1,0,0,0
4091,1984,2.4653057235,7,12,1,1,0,0,0
4091,1985,2.6132596368,8,12,1,1,0,0,0
4091,1986,2.6454980264,9,12,1,1,0,0,0
4091,1987,2.2822923897,10,12,1,1,0,0,0
4122,1980,1.7771725007,0,16,0,1,0,0,0
4122,1981,1.8971199849,1,16,0,1,0,0,0
4122,1982,2.0269756018,2,16,0,1,0,0,0
4122,1983,2.1308751968,3,16,0,1,0,0,0
4122,1984,2.0454518779,4,16,0,1,0,0,0
4122,1985,2.2359654057,5,16,0,1,0,0,0
4122,1986,2.1136189935,6,16,0,1,0,0,0
4122,1987,2.1487609971,7,16,0,1,0,0,0
4127,1980,1.1713673303,2,10,0,0,1,0,0
4127,1981,1.8430527636,3,10,0,0,0,0,0
4127,1982,1.1611687753,4,10,0,0,0,0,0
4127,1983,0.9177725985,5,10,0,0,0,0,0
4127,1984,0.9271023925,6,10,0,0,0,0,0
4127,1985,1.4558068481,7,10,0,0,0,0,0
4127,1986,1.3732189281,8,10,0,0,0,0,0
4127,1987,1.4484453271,9,10,0,0,0,0,0
4128,1980,0.9933319106,4,12,1,0,0,0,0
4128,1981,0.9846680293,5,12,1,0,0,0,0
4128,1982,1.2421373776,6,12,1,0,0,0,0
4128,1983,1.7848335092,7,12,1,0,0,0,0
4128,1984,1.8336850136,8,12,1,0,0,0,0
4128,1985,1.5170540882,9,12,0,0,0,0,0
4128,1986,1.6281111777,10,12,1,0,0,0,0
4128,1987,1.4266262797,11,12,1,0,0,0,0
4159,1980,1.6804583482,2,11,1,0,0,0,0
4159,1981,2.2900063108,3,11,1,0,0,0,0
4159,1982,2.0285794514,4,11,1,0,0,0,0
4159,1983,1.7586487302,5,11,1,1,0,0,0
4159,1984,2.0030926041,6,11,1,1,0,0,0
4159,1985,1.4745948804,7,11,0,0,0,0,0
4159,1986,2.3520300169,8,11,0,1,0,0,0
4159,1987,1.3884745137,9,11,0,1,0,0,0
4204,1980,1.195795221,4,11,1,0,0,1,0
4204,1981,1.3973553085,5,11,0,0,0,1,0
4204,1982,1.5178944872,6,11,0,0,0,1,0
4204,1983,1.7860347105,7,11,0,1,0,1,0
4204,1984,1.2517634682,8,11,0,0,0,1,0
4204,1985,1.3062270384,9,11,0,0,0,1,0
4204,1986,1.4481963609,10,11,0,0,0,1,0
4204,1987,1.3649765424,11,11,1,0,0,1,0
4229,1980,1.4594835247,2,12,0,0,1,0,0
4229,1981,1.5929086105,3,12,0,0,0,0,0
4229,1982,1.3983669424,4,12,0,0,0,0,0
4229,1983,1.8207202685,5,12,0,0,0,0,0
4229,1984,1.6825463843,6,12,0,0,0,0,0
4229,1985,1.5577756861,7,12,0,0,0,0,0
4229,1986,1.3404291052,8,12,0,0,0,0,0
4229,1987,1.2102749743,9,12,0,0,0,0,0
4258,1980,2.117404487,2,12,1,0,0,0,0
4258,1981,2.2671926591,3,12,1,0,0,0,0
4258,1982,1.9912950068,4,12,1,0,0,0,0
4258,1983,2.1405622371,5,12,1,0,0,0,0
4258,1984,2.1680542,6,12,1,0,0,0,0
4258,1985,1.9365936824,7,12,1,0,0,0,0
4258,1986,1.6010092479,8,12,1,0,0,0,0
4258,1987,1.7113335383,9,12,1,0,0,0,0
4261,1980,1.8541517238,9,6,0,1,0,0,0
4261,1981,1.8051297038,10,6,0,1,0,0,0
4261,1982,1.8728249219,11,6,0,0,0,0,0
4261,1983,1.9781124422,12,6,0,1,0,0,0
4261,1984,1.9994079394,13,6,1,0,0,0,0
4261,1985,2.1887463337,14,6,0,0,0,0,0
4261,1986,2.0743982803,15,6,0,0,0,0,0
4261,1987,1.5048848655,16,6,0,0,0,0,0
4264,1980,1.2293911704,4,10,0,1,0,0,1
4264,1981,1.4183408705,5,10,0,1,0,0,1
4264,1982,1.0703922462,6,10,1,1,0,0,1
4264,1983,0.8207249029,7,10,0,1,0,0,1
4264,1984,1.236495996,8,10,0,1,0,0,1
4264,1985,1.2915037968,9,10,0,1,0,0,1
4264,1986,1.3602317325,10,10,0,1,0,0,1
4264,1987,1.0346708207,11,10,0,0,0,0,1
4278,1980,1.8022478061,3,12,0,1,0,0,0
4278,1981,1.7853285789,4,12,0,1,0,0,0
4278,1982,1.8156665081,5,12,0,1,0,0,0
4278,1983,1.8759829472,6,12,0,1,0,0,0
4278,1984,1.8003294199,7,12,0,1,0,0,0
4278,1985,1.8200289977,8,12,0,1,0,0,0
4278,1986,1.4755315901,9,12,0,1,0,0,0
4278,1987,1.8002161792,10,12,0,1,0,0,0
4297,1980,2.1127088118,2,12,1,0,0,0,0
4297,1981,2.2292538199,3,12,0,0,0,0,0
4297,1982,1.5336091994,4,12,0,1,0,0,0
4297,1983,1.6383987117,5,12,0,1,0,0,0
4297,1984,1.6990276104,6,12,0,1,0,0,0
4297,1985,1.6175688382,7,12,0,0,0,0,0
4297,1986,1.6309123,8,12,0,1,0,0,0
4297,1987,1.7045272833,9,12,0,1,0,0,0
4302,1980,1.0619525443,2,11,0,0,0,0,0
4302,1981,1.0168228557,3,11,0,0,0,0,0
4302,1982,1.2442162625,4,11,0,0,0,0,0
4302,1983,1.1694640296,5,11,0,0,0,0,0
4302,1984,1.1058095555,6,11,0,0,0,0,0
4302,1985,0.6375773294,7,11,0,0,0,0,0
4302,1986,0.6095415967,8,11,0,0,0,0,0
4302,1987,1.7157484257,9,11,0,1,0,0,0
4321,1980,1.7212929016,1,11,0,0,0,0,1
4321,1981,1.9816092924,2,11,1,1,0,0,1
4321,1982,1.2096555875,3,11,0,1,0,0,1
4321,1983,1.4672868185,4,11,1,0,0,0,1
4321,1984,1.7975477769,5,11,1,1,0,0,1
4321,1985,2.1531046424,6,11,1,1,0,0,1
4321,1986,1.9910166714,7,11,1,1,0,0,1
4321,1987,2.1838523169,8,11,1,1,0,0,1
4328,1980,1.7421125293,4,12,0,0,0,0,0
4328,1981,1.3604126877,5,12,0,0,0,0,0
4328,1982,1.2898575435,6,12,0,0,0,0,0
4328,1983,1.224947252,7,12,0,0,0,0,0
4328,1984,1.212542755,8,12,0,0,0,0,0
4328,1985,1.1337233489,9,12,0,0,0,0,0
4328,1986,1.1128200148,10,12,0,0,0,0,0
4328,1987,1.3113408206,11,12,0,0,0,0,0
4332,1980,0.4064126157,2,12,0,0,0,0,0
4332,1981,0.0408219945,3,12,0,0,0,0,0
4332,1982,0.9911405657,4,12,0,0,0,0,0
4332,1983,0.5125537828,5,12,0,0,0,0,0
4332,1984,0.7317799066,6,12,0,0,0,0,0
4332,1985,1.2076396497,7,12,0,0,0,0,0
4332,1986,1.3404291052,8,12,0,0,0,0,0
4332,1987,1.348405896,9,12,0,0,0,0,0
4335,1980,1.5433097464,3,11,0,1,0,0,0
4335,1981,1.6835458846,4,11,0,1,0,0,0
4335,1982,1.4794567207,5,11,0,1,0,0,0
4335,1983,1.1500459438,6,11,0,1,0,0,0
4335,1984,1.1422012657,7,11,0,1,0,0,0
4335,1985,1.7088033626,8,11,0,1,0,0,0
4335,1986,1.7458942134,9,11,0,1,0,0,0
4335,1987,1.7069282448,10,11,0,1,0,0,0
4357,1980,2.1411467471,3,12,1,0,0,0,0
4357,1981,2.0641740695,4,12,1,0,0,0,0
4357,1982,1.4072558898,5,12,0,1,0,0,0
4357,1983,1.4865181804,6,12,0,1,0,0,0
4357,1984,1.5126473475,7,12,0,1,0,0,0
4357,1985,1.6164300424,8,12,0,1,0,0,0
4357,1986,1.7306267412,9,12,1,1,0,0,0
4357,1987,1.9133848774,10,12,1,1,0,0,0
4365,1980,-0.035206256,2,11,0,0,0,0,0
4365,1981,0.2835240623,3,11,0,0,0,0,0
4365,1982,1.2634709828,4,11,0,1,0,0,0
4365,1983,1.5480867572,5,11,0,1,0,0,0
4365,1984,2.0689971722,6,11,0,1,0,0,0
4365,1985,1.4907367798,7,11,0,1,0,0,0
4365,1986,1.7751645957,8,11,0,1,0,0,0
4365,1987,1.1255724703,9,11,0,1,0,0,0
4380,1980,1.8109050602,4,13,1,0,0,0,0
4380,1981,1.9513896148,5,13,1,0,0,0,0
4380,1982,1.9773116936,6,13,1,1,0,0,0
4380,1983,2.1147963656,7,13,1,1,0,0,0
4380,1984,2.1970417369,8,13,1,1,0,0,0
4380,1985,2.1982250777,9,13,0,1,0,0,0
4380,1986,1.938266106,10,13,0,1,0,0,0
4380,1987,1.9604606574,11,13,0,0,0,0,0
4394,1980,1.6303211234,2,11,0,0,0,0,0
4394,1981,2.0890109927,3,11,1,0,0,0,0
4394,1982,2.0152345972,4,11,0,0,0,0,0
4394,1983,2.0342943688,5,11,1,0,0,0,0
4394,1984,2.0880114924,6,11,0,0,0,0,0
4394,1985,1.7972143199,7,11,0,0,0,0,0
4394,1986,2.3212583583,8,11,0,0,0,0,0
4394,1987,1.524606688,9,11,0,0,0,0,0
4510,1980,1.3048987229,2,13,0,0,1,0,0
4510,1981,1.6304913216,3,13,1,0,0,0,0
4510,1982,1.6518375397,4,13,0,0,1,0,0
4510,1983,2.2552694047,5,13,0,0,0,0,0
4510,1984,1.9056899356,6,13,0,0,0,0,0
4510,1985,1.7030772666,7,13,0,0,0,0,0
4510,1986,2.02809682,8,13,0,0,0,0,0
4510,1987,2.3403561907,9,13,0,1,0,0,0
4559,1980,1.3238267328,5,12,0,0,0,0,0
4559,1981,1.4508328823,6,12,0,1,0,0,0
4559,1982,1.2973515173,7,12,0,1,0,0,0
4559,1983,1.3936585532,8,12,0,1,0,0,0
4559,1984,1.0052585669,9,12,0,1,0,0,0
4559,1985,1.4916960757,10,12,0,1,0,0,0
4559,1986,1.568891818,11,12,0,1,0,0,0
4559,1987,1.5991498401,12,12,0,1,0,0,0
4563,1980,0.8905839995,1,11,1,0,0,0,0
4563,1981,0.9270628289,2,11,0,0,0,0,0
4563,1982,1.1019578789,3,11,0,0,0,0,0
4563,1983,1.0478796098,4,11,0,0,0,0,0
4563,1984,1.7605079257,5,11,0,0,0,0,0
4563,1985,1.3101378764,6,11,0,1,0,0,0
4563,1986,1.6673318909,7,11,0,1,0,0,0
4563,1987,1.7117475313,8,11,1,1,0,0,0
4569,1980,2.2670195773,1,12,1,0,0,0,0
4569,1981,2.1252051524,2,12,1,0,0,0,0
4569,1982,2.0734956174,3,12,1,1,0,0,0
4569,1983,2.0438638198,4,12,1,0,0,0,0
4569,1984,2.3671849077,5,12,1,0,0,0,0
4569,1985,2.1290676107,6,12,1,0,0,0,0
4569,1986,2.0335762858,7,12,1,1,0,0,0
4569,1987,2.0354323118,8,12,1,1,0,0,0
4603,1980,2.0552043173,2,11,1,0,0,0,0
4603,1981,1.9978615547,3,11,1,0,0,0,0
4603,1982,2.0388100594,4,11,1,0,0,0,0
4603,1983,2.1741039313,5,11,1,0,0,0,0
4603,1984,1.9882794884,6,11,1,0,0,0,0
4603,1985,1.9219117328,7,11,1,0,0,0,0
4603,1986,2.0352871502,8,11,1,0,0,0,0
4603,1987,1.8539123583,9,11,1,0,0,0,0
4607,1980,-0.696018056,2,13,0,0,0,0,0
4607,1981,1.7189737995,3,13,0,0,0,0,0
4607,1982,1.8057569789,4,13,0,0,0,0,0
4607,1983,1.2363582645,5,13,0,0,0,0,0
4607,1984,1.8387504529,6,13,0,0,0,0,0
4607,1985,1.615743465,7,13,0,0,0,0,0
4607,1986,1.5829907424,8,13,0,1,0,0,0
4607,1987,1.9483592996,9,13,1,1,0,0,0
4633,1980,1.759466544,3,12,0,0,0,0,0
4633,1981,1.4233356328,4,12,0,0,0,0,0
4633,1982,1.4468975248,5,12,0,0,0,0,0
4633,1983,1.5472179252,6,12,0,0,0,0,0
4633,1984,1.5432623391,7,12,0,0,0,0,0
4633,1985,1.5142103807,8,12,0,1,0,0,0
4633,1986,1.5189118857,9,12,0,1,0,0,0
4633,1987,2.559308931,10,12,1,1,0,0,0
4676,1980,0.6362150145,2,10,0,0,0,0,0
4676,1981,0.8620211019,3,10,0,0,0,0,0
4676,1982,1.0641597124,4,10,0,0,0,0,0
4676,1983,1.3507166392,5,10,0,0,0,0,0
4676,1984,1.4922669803,6,10,0,0,0,0,0
4676,1985,1.5348500554,7,10,0,0,0,0,0
4676,1986,1.7325224764,8,10,0,0,0,0,0
4676,1987,1.8772935908,9,10,0,0,0,0,0
4701,1980,1.5956719879,2,12,0,0,0,0,0
4701,1981,1.793050625,3,12,0,0,0,0,0
4701,1982,1.8156665081,4,12,0,0,0,0,0
4701,1983,2.1169197738,5,12,0,0,0,0,0
4701,1984,2.3894868869,6,12,0,0,0,0,0
4701,1985,2.4894220922,7,12,0,1,0,0,0
4701,1986,2.5061806968,8,12,0,1,0,0,0
4701,1987,2.6007461208,9,12,0,1,0,0,0
4716,1980,0.9417034162,3,12,0,1,0,0,0
4716,1981,1.2431935175,4,12,1,1,0,0,0
4716,1982,1.3803484369,5,12,1,1,0,0,0
4716,1983,1.1409374285,6,12,1,1,0,0,0
4716,1984,1.4749070195,7,12,1,1,0,0,0
4716,1985,1.478279704,8,12,1,1,0,0,0
4716,1986,1.5963624794,9,12,1,1,0,0,0
4716,1987,1.7069282448,10,12,1,1,0,0,0
4720,1980,2.0898534527,5,12,1,1,0,0,0
4720,1981,2.1799827709,6,12,0,1,0,0,0
4720,1982,2.349748994,7,12,1,1,0,0,0
4720,1983,2.1716971913,8,12,1,1,0,0,0
4720,1984,2.2813828853,9,12,1,1,0,0,0
4720,1985,2.2077945287,10,12,1,1,0,0,0
4720,1986,2.2567198371,11,12,0,1,0,0,0
4720,1987,2.2177538686,12,12,1,1,0,0,0
4759,1980,1.7904065387,4,12,1,0,0,0,0
4759,1981,1.8718021769,5,12,1,1,0,0,0
4759,1982,1.3288147867,6,12,1,1,0,0,0
4759,1983,1.6577514402,7,12,1,1,0,0,0
4759,1984,1.7749458246,8,12,1,1,0,0,0
4759,1985,1.8511195847,9,12,1,1,1,0,0
4759,1986,1.9000448932,10,12,1,1,0,0,0
4759,1987,1.9520507029,11,12,0,1,0,0,0
4791,1980,1.9616782593,5,12,1,1,0,0,0
4791,1981,1.6545583477,6,12,1,1,0,0,0
4791,1982,1.7642102544,7,12,1,1,0,0,0
4791,1983,1.7000922807,8,12,1,1,0,0,0
4791,1984,1.7819133648,9,12,1,1,0,0,0
4791,1985,1.752319,10,12,1,1,0,0,0
4791,1986,1.8657828296,11,12,1,1,0,0,0
4791,1987,1.7677812581,12,12,1,1,0,0,0
4811,1980,0.7321421414,2,12,0,0,0,0,0
4811,1981,0.976242089,3,12,0,0,0,0,0
4811,1982,0.745056049,4,12,0,0,1,0,0
4811,1983,1.0599943212,5,12,0,0,0,0,0
4811,1984,1.578016829,6,12,1,0,0,0,0
4811,1985,1.7304967623,7,12,0,0,0,0,0
4811,1986,1.7234213575,8,12,0,0,0,0,0
4811,1987,1.9346125823,9,12,1,0,0,0,0
4828,1980,0.9885613947,2,11,0,0,0,0,0
4828,1981,1.5012637359,3,11,0,0,0,0,0
4828,1982,1.8016366599,4,11,1,0,0,0,0
4828,1983,1.0974170033,5,11,0,0,0,0,0
4828,1984,1.0286199168,6,11,0,0,0,0,0
4828,1985,1.3367425823,7,11,0,0,0,0,0
4828,1986,1.7114927866,8,11,0,1,0,0,0
4828,1987,1.1185407989,9,11,0,1,0,0,0
4857,1980,1.1396982069,3,14,0,0,0,0,0
4857,1981,0.7507762934,4,14,0,0,0,0,0
4857,1982,0.9806692658,5,14,0,0,0,0,0
4857,1983,1.0722839415,6,14,0,0,0,0,0
4857,1984,0.7042202615,7,14,0,0,1,0,0
4857,1985,0.6867675736,8,14,0,1,0,0,0
4857,1986,1.5462724657,9,14,0,1,0,0,0
4857,1987,1.524606688,10,14,0,1,0,0,0
4858,1980,1.2863223373,2,12,0,0,0,0,0
4858,1981,1.6482496183,3,12,1,0,0,0,0
4858,1982,2.2966391687,4,12,0,1,0,0,0
4858,1983,2.2850258766,5,12,0,1,0,0,0
4858,1984,2.5208755747,6,12,0,1,0,0,0
4858,1985,2.5131761782,7,12,0,1,0,0,0
4858,1986,2.5931920737,8,12,0,1,0,0,0
4858,1987,2.5777566026,9,12,0,1,0,0,0
4859,1980,1.3268776296,2,12,0,0,0,0,0
4859,1981,1.0630673512,3,12,0,0,0,0,0
4859,1982,0.9973561846,4,12,0,0,0,0,0
4859,1983,1.1961870998,5,12,0,0,0,0,0
4859,1984,1.2613329192,6,12,0,0,0,0,0
4859,1985,1.2734852913,7,12,0,0,0,0,0
4859,1986,1.3404291052,8,12,0,0,0,0,0
4859,1987,1.3422851312,9,12,0,0,0,0,0
4866,1980,1.6958858118,2,14,1,0,0,0,0
4866,1981,1.8170772772,3,14,1,1,0,0,0
4866,1982,1.929544795,4,14,1,1,0,0,0
4866,1983,1.9677832067,5,14,1,1,0,0,0
4866,1984,2.2598617493,6,14,1,1,0,0,0
4866,1985,2.43093808,7,14,1,1,0,0,0
4866,1986,2.4108705169,8,14,1,0,0,0,0
4866,1987,2.4541426467,9,14,1,0,0,0,0
4881,1980,1.3730802353,2,14,0,1,0,0,0
4881,1981,1.5028281774,3,14,0,1,0,0,0
4881,1982,1.2555624389,4,14,0,1,0,0,0
4881,1983,1.3627275853,5,14,0,1,0,0,0
4881,1984,1.6753607246,6,14,0,1,0,0,0
4881,1985,1.8200289977,7,14,0,1,0,0,0
4881,1986,1.9000448932,8,14,0,1,0,0,0
4881,1987,1.8959612362,9,14,0,1,0,0,0
4884,1980,1.5758329381,4,12,0,0,0,0,0
4884,1981,1.5702171993,5,12,0,0,0,0,0
4884,1982,1.5227099089,6,12,0,1,0,0,0
4884,1983,1.543916004,7,12,0,1,0,0,0
4884,1984,1.6809306886,8,12,0,1,0,0,0
4884,1985,1.7659617764,9,12,1,1,0,0,0
4884,1986,1.7458942134,10,12,1,1,0,0,0
4884,1987,1.7609954661,11,12,1,1,0,0,0
4888,1980,1.4669434255,2,12,1,0,0,0,0
4888,1981,1.434720955,3,12,1,1,0,0,0
4888,1982,1.3926616971,4,12,0,1,0,0,0
4888,1983,1.4817449017,5,12,1,1,0,0,0
4888,1984,1.0916823751,6,12,1,1,0,0,0
4888,1985,1.4477078655,7,12,0,1,0,0,0
4888,1986,1.2409952083,8,12,0,1,0,0,0
4888,1987,1.4109112493,9,12,0,1,0,0,0
4901,1980,1.1687665486,4,11,1,1,0,0,0
4901,1981,1.2250262135,5,11,1,1,0,0,0
4901,1982,1.0275270622,6,11,1,1,0,0,0
4901,1983,1.3780087815,7,11,1,1,0,0,0
4901,1984,1.7102211064,8,11,1,1,0,0,0
4901,1985,1.5622363109,9,11,1,1,0,0,0
4901,1986,1.5768178833,10,11,1,1,0,0,0
4901,1987,1.5378519148,11,11,1,0,0,0,0
4917,1980,1.1995382073,4,12,0,0,0,0,0
4917,1981,0.899249266,5,12,0,0,0,0,0
4917,1982,1.0120735843,6,12,0,0,0,0,0
4917,1983,1.1935310557,7,12,0,0,0,0,0
4917,1984,1.2952281216,8,12,0,0,0,0,0
4917,1985,1.4395388756,9,12,0,0,0,0,0
4917,1986,0.5823877848,10,12,0,0,0,0,0
4917,1987,1.3261557493,11,12,0,0,0,0,0
4926,1980,1.6520217941,4,12,1,0,0,0,0
4926,1981,1.5961339468,5,12,1,1,0,0,0
4926,1982,1.5166308628,6,12,0,1,0,0,0
4926,1983,1.6254487377,7,12,1,1,0,0,0
4926,1984,1.4922439391,8,12,0,1,0,0,0
4926,1985,1.4327572355,9,12,0,1,0,0,0
4926,1986,1.465840418,10,12,0,1,0,0,0
4926,1987,1.8610789246,11,12,1,1,0,0,0
4982,1980,0.8883837786,4,9,0,0,0,0,0
4982,1981,1.0691984035,5,9,0,0,0,0,0
4982,1982,1.3803484369,6,9,0,0,0,0,0
4982,1983,1.2554064594,7,9,0,0,0,0,0
4982,1984,1.3948643118,8,9,0,0,0,0,0
4982,1985,1.2734852913,9,9,0,1,0,0,0
4982,1986,1.1020180818,10,9,0,1,0,0,0
4982,1987,1.0607819647,11,9,0,1,0,0,0
5017,1980,1.8863762186,1,13,0,0,0,0,0
5017,1981,2.0487254864,2,13,0,0,0,0,0
5017,1982,2.3486020094,3,13,0,0,0,0,0
5017,1983,2.4005387637,4,13,0,1,0,0,0
5017,1984,2.4934766005,5,13,0,1,0,0,0
5017,1985,2.5156793085,6,13,0,0,0,0,0
5017,1986,2.567932407,7,13,0,0,0,0,0
5017,1987,2.5451144249,8,13,0,1,0,0,0
5033,1980,1.9487748545,2,12,0,0,0,0,0
5033,1981,2.2014889761,3,12,0,0,0,0,0
5033,1982,2.3668434274,4,12,0,0,0,0,0
5033,1983,2.3097184892,5,12,0,0,0,0,0
5033,1984,2.1192640359,6,12,0,1,0,0,0
5033,1985,2.5019074915,7,12,0,1,0,0,0
5033,1986,2.3212583583,8,12,0,1,0,0,0
5033,1987,2.4541426467,9,12,0,1,0,0,0
5048,1980,0.5101717495,3,11,0,0,0,0,0
5048,1981,1.0961154085,4,11,0,0,0,0,0
5048,1982,1.2431911471,5,11,0,0,0,0,0
5048,1983,1.3071186605,6,11,0,1,0,0,0
5048,1984,1.4925027814,7,11,0,1,0,0,0
5048,1985,1.6929047765,8,11,0,1,0,0,0
5048,1986,2.0277932838,9,11,0,0,0,0,0
5048,1987,2.3449433547,10,11,0,0,0,0,0
5122,1980,0.8747410022,3,12,0,1,0,0,0
5122,1981,1.6992942416,4,12,0,1,0,0,0
5122,1982,2.0427239587,5,12,0,1,0,0,0
5122,1983,1.9705325467,6,12,0,1,0,0,0
5122,1984,2.2886821878,7,12,0,1,0,0,0
5122,1985,1.9896635192,8,12,0,1,0,0,0
5122,1986,1.9547342821,9,12,0,1,0,0,0
5122,1987,1.8595416453,10,12,0,1,0,0,0
5141,1980,2.1545140814,2,12,0,1,0,0,1
5141,1981,1.9004588862,3,12,0,1,0,0,1
5141,1982,2.0174061508,4,12,0,1,0,0,1
5141,1983,1.1844283803,5,12,0,1,0,0,1
5141,1984,1.3906424671,6,12,0,1,0,0,1
5141,1985,2.296205486,7,12,0,1,0,0,1
5141,1986,2.3212583583,8,12,0,1,0,0,1
5141,1987,2.3508274905,9,12,0,1,0,0,1
5147,1980,2.0559398819,4,12,1,1,0,0,1
5147,1981,2.1290520422,5,12,0,1,0,0,1
5147,1982,2.2781324132,6,12,1,1,0,0,1
5147,1983,2.0539141557,7,12,1,1,0,0,1
5147,1984,1.8666877778,8,12,1,1,1,0,1
5147,1985,2.3348690789,9,12,1,1,0,0,1
5147,1986,2.5316628838,10,12,1,1,0,0,1
5147,1987,2.4668542163,11,12,1,0,0,0,1
5158,1980,1.8236925163,3,11,0,0,0,0,0
5158,1981,1.8170772772,4,11,0,1,0,0,0
5158,1982,1.5808504556,5,11,0,1,0,0,0
5158,1983,1.7376302,6,11,0,1,0,0,0
5158,1984,2.0739409085,7,11,0,0,0,0,0
5158,1985,1.7847917999,8,11,0,0,0,0,0
5158,1986,1.7999614346,9,11,0,0,0,0,0
5158,1987,2.1761061954,10,11,0,0,0,0,0
5221,1980,1.3747145566,3,14,0,0,0,0,1
5221,1981,1.6094379124,4,14,1,0,0,0,1
5221,1982,1.5474025215,5,14,1,1,0,0,1
5221,1983,1.5918786961,6,14,1,1,0,0,1
5221,1984,1.8003294199,7,14,0,1,0,0,1
5221,1985,1.8200289977,8,14,0,1,0,0,1
5221,1986,1.7999614346,9,14,1,1,0,0,1
5221,1987,2.3623350974,10,14,0,0,0,0,1
5223,1980,1.5411644814,3,12,0,0,0,0,0
5223,1981,1.8056048761,4,12,0,0,0,0,0
5223,1982,1.9756823074,5,12,0,0,0,0,0
5223,1983,1.7919390772,6,12,0,0,0,0,0
5223,1984,1.8553166585,7,12,0,0,0,0,0
5223,1985,1.2753781072,8,12,0,0,0,0,0
5223,1986,1.5575810269,9,12,0,0,0,0,0
5223,1987,1.1346457665,10,12,0,0,0,0,0
5227,1980,2.691193084,5,12,0,0,0,0,0
5227,1981,0.4462871026,6,12,0,0,0,0,0
5227,1982,1.5474025215,7,12,0,0,0,0,0
5227,1983,1.7271209531,8,12,1,0,0,0,0
5227,1984,1.0730197327,9,12,0,0,0,0,0
5227,1985,1.7707810628,10,12,0,0,0,0,0
5227,1986,2.0306220739,11,12,0,1,0,0,0
5227,1987,1.9075989403,12,12,0,1,0,0,0
5248,1980,1.1378446383,2,14,0,0,0,0,0
5248,1981,1.0895817367,3,14,0,0,0,0,0
5248,1982,2.0301181863,4,14,0,0,1,0,0
5248,1983,1.0445619637,5,14,1,0,0,0,0
5248,1984,1.1297699,6,14,0,0,0,0,0
5248,1985,1.1956343329,7,14,0,0,0,0,0
5248,1986,1.5749350416,8,14,0,0,0,0,0
5248,1987,1.9071983795,9,14,0,1,0,0,0
5252,1980,0.4112994022,2,10,0,0,0,0,0
5252,1981,1.6835458846,3,10,0,0,0,0,0
5252,1982,1.2794449544,4,10,0,0,0,0,0
5252,1983,1.5981198511,5,10,0,1,0,0,0
5252,1984,1.2329933655,6,10,1,1,0,0,0
5252,1985,1.4722880743,7,10,0,1,0,0,0
5252,1986,1.2198011175,8,10,0,1,0,0,0
5252,1987,1.6691879168,9,10,0,1,0,0,0
5263,1980,1.6303211234,3,14,0,0,0,0,0
5263,1981,1.5939337259,4,14,0,1,0,0,0
5263,1982,1.6566018135,5,14,0,1,0,0,0
5263,1983,1.7860347105,6,14,0,1,0,0,0
5263,1984,1.6034090637,7,14,0,1,0,0,0
5263,1985,1.6784980131,8,14,0,1,0,0,0
5263,1986,1.851254729,9,14,0,1,0,0,0
5263,1987,1.5294259745,10,14,0,1,0,0,0
5274,1980,1.6657302337,2,12,0,0,0,0,0
5274,1981,2.9004220937,3,12,0,1,0,0,0
5274,1982,1.7643155231,4,12,0,1,0,0,0
5274,1983,1.3392178337,5,12,0,1,1,0,0
5274,1984,1.5330659337,6,12,0,1,0,0,0
5274,1985,1.7972143199,7,12,0,1,0,0,0
5274,1986,1.6891685855,8,12,0,1,0,0,0
5274,1987,3.3125273809,9,12,1,1,0,0,0
5335,1980,1.4479995666,3,12,0,0,0,0,0
5335,1981,1.8170772772,4,12,0,1,0,0,0
5335,1982,1.7550418863,5,12,0,1,0,0,0
5335,1983,1.4532322028,6,12,0,1,0,0,0
5335,1984,1.492420602,7,12,0,1,0,0,0
5335,1985,1.053294814,8,12,0,1,0,0,0
5335,1986,1.5027099112,9,12,0,1,0,0,0
5335,1987,1.4837846935,10,12,1,1,0,0,0
5345,1980,1.5162078166,2,12,0,0,0,0,0
5345,1981,0.8209805521,3,12,0,0,0,0,0
5345,1982,1.2560507202,4,12,0,0,0,0,0
5345,1983,1.1098576342,5,12,0,0,0,0,0
5345,1984,1.3948643118,6,12,0,0,0,0,0
5345,1985,1.4206492175,7,12,0,0,0,0,0
5345,1986,1.9774868192,8,12,0,0,0,0,0
5345,1987,1.9638386586,9,12,0,1,0,0,0
5359,1980,0.2440267622,4,12,0,0,0,0,0
5359,1981,1.0009146458,5,12,0,0,0,0,0
5359,1982,0.9820343714,6,12,0,0,0,0,0
5359,1983,1.0604337851,7,12,0,0,0,0,0
5359,1984,1.0248935351,8,12,0,0,0,0,0
5359,1985,1.0990709304,9,12,0,0,0,0,0
5359,1986,1.2814279298,10,12,0,0,0,0,0
5359,1987,1.1219210139,11,12,0,0,0,0,0
5368,1980,1.1174266352,1,12,0,0,0,0,0
5368,1981,0.7532511046,2,12,0,0,0,0,0
5368,1982,1.3005831345,3,12,0,1,0,0,0
5368,1983,1.4536918672,4,12,0,1,0,0,0
5368,1984,1.5047599826,5,12,0,1,0,0,0
5368,1985,1.4856598113,6,12,0,1,0,0,0
5368,1986,1.6013238617,7,12,0,1,0,0,0
5368,1987,1.5066689873,8,12,0,1,0,0,0
5377,1980,1.5280422742,2,12,0,0,0,0,0
5377,1981,1.6322525902,3,12,0,0,0,0,0
5377,1982,1.6356951287,4,12,0,0,0,0,0
5377,1983,1.7254100887,5,12,0,0,0,0,0
5377,1984,1.509296006,6,12,0,0,0,0,0
5377,1985,1.4908932621,7,12,0,0,0,0,0
5377,1986,1.5635726566,8,12,0,0,0,0,0
5377,1987,1.524606688,9,12,0,0,0,0,0
5390,1980,1.599236394,2,14,0,1,0,0,0
5390,1981,1.3237108748,3,14,0,1,0,0,0
5390,1982,1.5170349849,4,14,0,1,0,0,0
5390,1983,1.4637857429,5,14,0,1,0,0,0
5390,1984,1.5575023244,6,14,0,1,0,0,0
5390,1985,1.5831342748,7,14,0,1,0,0,0
5390,1986,1.5727492484,8,14,0,1,0,0,0
5390,1987,1.6074943478,9,14,0,1,0,0,0
5419,1980,0.6518986104,2,11,0,0,0,0,0
5419,1981,0.913516805,3,11,0,0,0,0,0
5419,1982,0.6535846455,4,11,0,0,0,0,0
5419,1983,1.1955362699,5,11,0,0,0,0,0
5419,1984,1.6260859289,6,11,0,0,0,0,0
5419,1985,1.819571227,7,11,0,0,0,0,0
5419,1986,1.9364125374,8,11,1,1,0,0,0
5419,1987,2.008277956,9,11,1,1,0,0,0
5435,1980,1.1194954996,2,11,0,0,0,0,0
5435,1981,1.2609807857,3,11,0,0,0,0,0
5435,1982,1.1932307078,4,11,0,0,0,0,0
5435,1983,1.2038728093,5,11,0,1,0,0,0
5435,1984,1.3993243383,6,11,0,1,0,0,0
5435,1985,1.2907939896,7,11,0,1,0,0,0
5435,1986,1.2807098705,8,11,0,1,0,0,0
5435,1987,1.3014631367,9,11,0,1,0,0,0
5437,1980,1.5621429762,2,12,0,1,0,0,0
5437,1981,1.4685707083,3,12,0,1,0,0,0
5437,1982,1.297460777,4,12,0,1,0,0,0
5437,1983,1.2967846707,5,12,0,1,0,0,0
5437,1984,1.4508015102,6,12,0,1,0,0,0
5437,1985,1.5221431577,7,12,0,1,0,0,0
5437,1986,1.6143809849,8,12,0,1,0,0,0
5437,1987,1.8309672013,9,12,0,1,0,0,0
5497,1980,1.3395230902,2,12,0,1,0,0,0
5497,1981,1.4868355903,3,12,0,1,0,0,0
5497,1982,1.5209692644,4,12,0,1,0,0,0
5497,1983,1.4073965738,5,12,0,1,0,0,0
5497,1984,1.324928044,6,12,0,1,0,0,0
5497,1985,1.3878956425,7,12,0,1,0,0,0
5497,1986,1.6237365436,8,12,0,1,0,0,0
5497,1987,1.3904745144,9,12,0,1,0,0,0
5525,1980,1.0936052115,5,8,0,0,0,0,0
5525,1981,1.4127524201,6,8,0,0,0,0,0
5525,1982,1.2354634714,7,8,0,0,0,0,0
5525,1983,1.2994004513,8,8,0,0,0,0,0
5525,1984,1.0338509663,9,8,0,1,0,0,0
5525,1985,1.3231343407,10,8,0,1,0,0,0
5525,1986,1.5501496362,11,8,0,1,0,0,0
5525,1987,1.5638274012,12,8,0,1,0,0,0
5529,1980,1.2640767284,4,10,0,1,0,0,0
5529,1981,1.339337378,5,10,0,1,0,0,0
5529,1982,1.725269728,6,10,0,1,0,0,0
5529,1983,1.5978134316,7,10,0,1,0,0,0
5529,1984,1.6980505708,8,10,0,1,0,0,0
5529,1985,1.7659617764,9,10,0,1,0,0,0
5529,1986,2.0047645886,10,10,0,1,0,0,0
5529,1987,2.0362687819,11,10,0,1,0,0,0
5531,1980,1.6483284401,5,12,0,0,0,0,0
5531,1981,1.5353299403,6,12,0,0,0,0,0
5531,1982,1.5306088441,7,12,0,0,0,0,0
5531,1983,1.8300586072,8,12,0,0,0,0,0
5531,1984,2.0577061429,9,12,0,1,0,0,0
5531,1985,2.2359654057,10,12,0,1,0,0,0
5531,1986,2.3935790198,11,12,0,1,0,0,0
5531,1987,2.1769318741,12,12,0,1,0,0,0
5579,1980,1.288369421,2,10,0,0,0,0,0
5579,1981,1.512708286,3,10,0,0,0,0,0
5579,1982,1.2659900621,4,10,0,0,0,0,0
5579,1983,1.3507166392,5,10,0,0,0,0,0
5579,1984,1.4749070195,6,10,0,1,0,0,0
5579,1985,1.4827721396,7,10,0,1,0,0,0
5579,1986,1.5635726566,8,10,0,1,0,0,0
5579,1987,1.6283659223,9,10,0,1,0,0,0
5588,1980,1.4123189715,8,9,0,0,0,0,0
5588,1981,1.9841313619,9,9,0,1,0,0,0
5588,1982,1.6695197129,10,9,0,1,0,0,0
5588,1983,1.1388811274,11,9,0,1,0,0,0
5588,1984,1.4742914454,12,9,0,1,0,0,0
5588,1985,1.4771528714,13,9,0,1,0,0,0
5588,1986,2.6889831384,14,9,0,1,1,0,0
5588,1987,1.3684337628,15,9,1,1,0,0,0
5599,1980,1.9980459035,2,14,0,0,0,0,0
5599,1981,1.6094379124,3,14,0,1,0,0,0
5599,1982,1.6915723123,4,14,0,1,0,0,0
5599,1983,1.8754966401,5,14,0,1,0,0,0
5599,1984,1.7781233849,6,14,0,1,0,0,0
5599,1985,1.8723912393,7,14,0,1,0,0,0
5599,1986,1.7826180463,8,14,0,1,0,0,0
5599,1987,1.8222390913,9,14,0,1,0,0,0
5650,1980,1.1785108401,2,11,0,0,0,0,0
5650,1981,1.4271163556,3,11,1,0,0,0,0
5650,1982,1.4269774764,4,11,0,0,0,0,0
5650,1983,1.6560753953,5,11,1,0,0,0,0
5650,1984,1.8794796688,6,11,0,0,0,0,0
5650,1985,1.6329112686,7,11,0,1,0,0,0
5650,1986,1.7840459793,8,11,0,1,0,0,0
5650,1987,1.5814823364,9,11,1,1,0,0,0
5660,1980,1.8456828406,2,12,0,1,0,0,0
5660,1981,1.785476726,3,12,0,1,0,0,0
5660,1982,2.00631405,4,12,0,1,0,0,0
5660,1983,1.9493901101,5,12,0,1,0,0,0
5660,1984,2.0170139426,6,12,0,1,0,0,0
5660,1985,1.9579055072,7,12,0,0,0,0,0
5660,1986,1.9833357951,8,12,0,0,0,0,0
5660,1987,2.0309779614,9,12,0,0,0,0,0
5665,1980,1.4297681056,3,14,0,0,0,0,0
5665,1981,1.2941978959,4,14,0,0,0,0,0
5665,1982,1.5851428495,5,14,0,0,0,0,0
5665,1983,1.3418800574,6,14,1,0,0,0,0
5665,1984,1.2563192847,7,14,1,0,0,0,0
5665,1985,1.1805818515,8,14,0,0,0,0,0
5665,1986,1.1653452158,9,14,0,0,0,0,0
5665,1987,1.2761453287,10,14,1,0,0,0,0
5666,1980,1.6762308247,1,14,0,0,0,0,0
5666,1981,1.5009572694,2,14,0,0,0,0,0
5666,1982,1.6905033652,3,14,0,1,0,0,0
5666,1983,1.669320622,4,14,0,1,0,0,0
5666,1984,1.6825463843,5,14,0,1,0,0,0
5666,1985,1.9105430052,6,14,0,1,0,0,0
5666,1986,1.8842448924,7,14,0,1,0,0,0
5666,1987,2.1899837129,8,14,0,1,0,0,0
5698,1980,1.7129713944,4,12,0,0,0,0,0
5698,1981,1.8101086079,5,12,0,1,0,0,0
5698,1982,1.4673598138,6,12,1,1,0,0,0
5698,1983,1.7409142752,7,12,1,1,0,0,0
5698,1984,1.7133180429,8,12,1,1,0,0,0
5698,1985,2.1336865565,9,12,1,1,0,0,0
5698,1986,2.0743982803,10,12,1,1,0,0,0
5698,1987,2.1123933529,11,12,1,1,0,0,0
5699,1980,1.8297105887,2,13,0,0,0,0,0
5699,1981,1.9348603129,3,13,0,1,0,0,0
5699,1982,1.8632554709,4,13,0,1,0,0,0
5699,1983,1.5600586361,5,13,0,1,0,0,0
5699,1984,1.9286794538,6,13,0,1,0,0,0
5699,1985,1.9813231873,7,13,0,1,0,0,0
5699,1986,2.0586574354,8,13,0,1,0,0,0
5699,1987,2.1487609971,9,13,0,1,0,0,0
5731,1980,1.2049256391,3,11,1,1,0,0,1
5731,1981,1.018569581,4,11,0,1,0,0,1
5731,1982,1.3145970593,5,11,0,1,0,0,1
5731,1983,1.4705178391,6,11,0,1,0,0,1
5731,1984,1.4454782088,7,11,0,1,0,0,1
5731,1985,1.7088033626,8,11,0,1,0,0,1
5731,1986,2.3818829801,9,11,0,1,0,0,1
5731,1987,1.5891452092,10,11,1,1,0,0,1
5750,1980,1.0489653488,5,11,1,1,0,0,1
5750,1981,1.2781876198,6,11,1,1,0,0,1
5750,1982,1.6639363378,7,11,0,1,0,0,1
5750,1983,1.6371174815,8,11,1,1,0,0,1
5750,1984,1.8448271902,9,11,1,1,0,0,1
5750,1985,1.9201124562,10,11,0,1,0,0,1
5750,1986,2.3212583583,11,11,0,1,0,0,1
5750,1987,2.0746530249,12,11,0,1,0,0,1
5755,1980,1.3028175567,4,10,1,1,0,0,1
5755,1981,1.3862943611,5,10,0,1,0,0,1
5755,1982,1.1342153673,6,10,0,1,0,0,1
5755,1983,1.8431931243,7,10,0,1,0,0,1
5755,1984,1.9544800997,8,10,0,1,0,0,1
5755,1985,1.9201124562,9,10,0,1,0,0,1
5755,1986,1.9235753906,10,10,1,1,0,0,1
5755,1987,1.9075989403,11,10,0,1,0,0,1
5772,1980,-0.887685475,4,9,0,1,0,0,1
5772,1981,1.2321436813,5,9,0,1,0,0,1
5772,1982,1.3495767782,6,9,0,1,0,0,1
5772,1983,1.6246756414,7,9,0,1,0,0,1
5772,1984,1.6297158105,8,9,0,1,0,0,1
5772,1985,2.345382722,9,9,0,1,0,0,1
5772,1986,0.9919414319,10,9,0,1,0,0,1
5772,1987,1.5685443911,11,9,0,1,0,0,1
5816,1980,1.2687284147,3,12,0,0,0,0,1
5816,1981,1.5882357048,4,12,0,0,0,0,1
5816,1982,1.3636813844,5,12,0,0,0,0,1
5816,1983,1.4572335109,6,12,0,1,0,0,1
5816,1984,1.3795968397,7,12,0,1,0,0,1
5816,1985,1.0809955179,8,12,0,1,0,0,1
5816,1986,1.3796498184,9,12,0,1,0,0,1
5816,1987,1.4556138165,10,12,0,1,0,0,1
5823,1980,1.1295458354,3,11,0,0,0,0,1
5823,1981,0.9640813957,4,11,0,0,0,0,1
5823,1982,1.2581711847,5,11,1,0,0,0,1
5823,1983,1.1500459438,6,11,0,0,0,0,1
5823,1984,1.4749070195,7,11,0,0,0,0,1
5823,1985,1.5146473481,8,11,0,0,0,0,1
5823,1986,1.2807098705,9,11,0,0,0,0,1
5823,1987,1.2134220703,10,11,0,0,0,0,1
5851,1980,-1.113821959,1,13,0,0,0,0,1
5851,1981,1.5015927847,2,13,0,0,0,0,1
5851,1982,1.1758389651,3,13,0,0,0,0,1
5851,1983,1.4916910111,4,13,0,0,0,0,1
5851,1984,1.864867941,5,13,0,0,0,0,1
5851,1985,1.7645890926,6,13,0,0,0,0,1
5851,1986,1.813514401,7,13,0,0,0,0,1
5851,1987,1.9520507029,8,13,0,0,0,0,1
5857,1980,0.4346519295,2,12,0,0,0,0,1
5857,1981,1.7703241885,3,12,0,0,0,0,1
5857,1982,1.8131056872,4,12,0,0,0,0,1
5857,1983,1.8431931243,5,12,0,0,0,0,1
5857,1984,1.8543966412,6,12,0,0,0,0,1
5857,1985,1.8200289977,7,12,0,0,0,0,1
5857,1986,1.6386560909,8,12,0,0,0,0,1
5857,1987,1.8815869289,9,12,0,0,0,0,1
5859,1980,1.222404032,2,15,0,1,0,0,0
5859,1981,2.3220031789,3,15,0,1,0,0,0
5859,1982,1.870033605,4,15,0,1,0,0,0
5859,1983,1.1244156846,5,15,0,1,0,0,0
5859,1984,1.3639850742,6,15,0,1,0,0,0
5859,1985,1.8116030574,7,15,0,1,0,0,0
5859,1986,1.8435918563,8,15,0,1,0,0,0
5859,1987,1.781983411,9,15,0,1,0,0,0
6016,1980,1.8567924648,2,12,0,0,0,0,1
6016,1981,1.8246113249,3,12,0,0,0,0,1
6016,1982,1.887069649,4,12,0,0,0,0,1
6016,1983,1.9283509327,5,12,0,0,0,0,1
6016,1984,2.0880114924,6,12,0,0,0,0,1
6016,1985,2.0536438489,7,12,0,0,0,0,1
6016,1986,2.1136189935,8,12,0,0,0,0,1
6016,1987,2.1487609971,9,12,0,0,0,0,1
6020,1980,0.676384044,4,10,0,0,0,1,0
6020,1981,0.5407808835,5,10,0,0,0,1,0
6020,1982,0.1950097121,6,10,0,0,0,1,0
6020,1983,0.382631365,7,10,0,0,0,1,0
6020,1984,1.1042573311,8,10,0,0,0,1,0
6020,1985,1.0663741475,9,10,0,0,0,1,0
6020,1986,1.2024433623,10,10,0,0,0,1,0
6020,1987,1.0461904946,11,10,0,0,1,1,0
6025,1980,0.7742704719,3,10,0,0,0,1,0
6025,1981,0.2893501296,4,10,0,0,0,1,0
6025,1982,0.9064889269,5,10,0,0,0,1,0
6025,1983,0.3391157276,6,10,1,1,0,1,0
6025,1984,1.212542755,7,10,1,1,0,1,0
6025,1985,1.5024147797,8,10,1,1,0,1,0
6025,1986,1.2770932301,9,10,0,0,0,1,0
6025,1987,-0.191008714,10,10,1,0,0,1,0
6056,1980,1.0913246226,2,12,0,0,0,1,0
6056,1981,0.9202046312,3,12,0,0,0,1,0
6056,1982,1.0618947057,4,12,0,0,0,1,0
6056,1983,1.2145844649,5,12,0,0,0,1,0
6056,1984,1.3571239838,6,12,0,0,0,1,0
6056,1985,0.420655117,7,12,0,0,0,1,0
6056,1986,1.2683959023,8,12,0,0,0,1,0
6056,1987,1.3805053441,9,12,0,0,0,1,0
6094,1980,1.7613493858,4,13,1,0,0,1,0
6094,1981,1.912387457,5,13,0,0,0,1,0
6094,1982,1.4592344064,6,13,0,0,0,1,0
6094,1983,1.3181366618,7,13,0,1,0,1,0
6094,1984,1.3067788512,8,13,0,1,0,1,0
6094,1985,1.6847363365,9,13,1,1,0,1,0
6094,1986,1.7575608316,10,13,0,1,0,1,0
6094,1987,1.5343789316,11,13,0,1,0,1,0
6186,1980,1.1908703557,2,12,0,0,0,1,0
6186,1981,1.748939472,3,12,0,0,0,1,0
6186,1982,1.8944712436,4,12,0,1,0,1,0
6186,1983,1.7254100887,5,12,0,1,0,1,0
6186,1984,1.6448060563,6,12,0,1,0,1,0
6186,1985,1.7516417226,7,12,0,1,0,1,0
6186,1986,1.7732931875,8,12,0,1,0,1,0
6186,1987,1.9946103173,9,12,0,1,0,1,0
6395,1980,1.3287311983,7,9,0,0,0,1,0
6395,1981,1.5953333063,8,9,0,1,0,1,0
6395,1982,1.7625139011,9,9,0,1,0,1,0
6395,1983,1.8521399103,10,9,0,1,0,1,0
6395,1984,1.9205785481,11,9,0,1,0,1,0
6395,1985,1.9666324719,12,9,0,1,0,1,0
6395,1986,1.9910166714,13,9,0,1,0,1,0
6395,1987,1.9735569081,14,9,0,1,0,1,0
6430,1980,1.2587575669,5,11,0,0,0,1,0
6430,1981,1.4180430594,6,11,1,0,0,1,0
6430,1982,1.1796777414,7,11,1,0,0,1,0
6430,1983,1.7208136035,8,11,1,0,0,1,0
6430,1984,1.4502144069,9,11,1,0,0,1,0
6430,1985,1.440539376,10,11,1,0,0,1,0
6430,1986,1.4204718129,11,11,1,0,0,1,0
6430,1987,1.7069282448,12,11,1,0,0,1,0
6446,1980,1.6303211234,2,11,1,1,0,0,0
6446,1981,1.6419737025,3,11,1,1,0,0,0
6446,1982,1.6496813706,4,11,1,1,0,0,0
6446,1983,1.7128313065,5,11,1,1,0,0,0
6446,1984,1.9544800997,6,11,0,1,0,0,0
6446,1985,1.9666324719,7,11,1,0,0,0,0
6446,1986,2.1697084601,8,11,0,1,0,0,0
6446,1987,2.0746530249,9,11,1,1,0,0,0
6463,1980,1.2287095846,7,5,0,0,0,0,0
6463,1981,1.5427465379,8,5,0,0,0,0,0
6463,1982,0.8200609516,9,5,0,0,0,0,0
6463,1983,0.6527732864,10,5,0,1,0,0,0
6463,1984,0.9152912315,11,5,0,1,0,0,0
6463,1985,1.2784317152,12,5,0,1,0,0,0
6463,1986,1.2592036653,13,5,0,1,0,0,0
6463,1987,1.5864339558,14,5,0,1,0,0,0
6558,1980,2.1909495696,2,15,1,0,0,0,0
6558,1981,2.0200181212,3,15,0,0,0,0,0
6558,1982,1.8640721308,4,15,0,1,0,0,0
6558,1983,1.8972603456,5,15,0,1,0,0,0
6558,1984,2.0010001154,6,15,0,1,0,0,0
6558,1985,2.0944658434,7,15,0,1,0,0,0
6558,1986,2.1513593215,8,15,0,1,0,0,0
6558,1987,2.1487609971,9,15,0,1,0,0,0
6559,1980,1.4713816594,2,15,0,0,0,0,0
6559,1981,1.4038386708,3,15,0,1,0,0,0
6559,1982,1.4029020975,4,15,0,1,0,0,0
6559,1983,1.8934108405,5,15,0,1,0,0,0
6559,1984,1.9996355484,6,15,0,1,0,0,0
6559,1985,2.0864336717,7,15,0,1,0,0,0
6559,1986,2.1513593215,8,15,0,1,0,0,0
6559,1987,2.1123933529,9,15,0,1,0,0,0
6561,1980,1.7912858314,2,15,0,0,0,0,0
6561,1981,2.0050089469,3,15,0,0,0,0,0
6561,1982,2.0835459533,4,15,0,0,0,0,0
6561,1983,2.1888419528,5,15,0,0,0,0,0
6561,1984,2.2261618308,6,15,0,1,0,0,0
6561,1985,2.2935352575,7,15,0,1,0,0,0
6561,1986,2.28157061,8,15,0,1,0,0,0
6561,1987,2.4948538317,9,15,0,1,0,0,0
6574,1980,1.4018709637,4,12,1,0,0,1,0
6574,1981,1.2417131323,5,12,1,0,0,1,0
6574,1982,1.2188984545,6,12,1,0,0,1,0
6574,1983,1.4377280162,7,12,1,0,0,1,0
6574,1984,1.2719661755,8,12,1,0,0,1,0
6574,1985,0.8215001676,9,12,1,0,0,1,0
6574,1986,1.2926384414,10,12,1,0,0,1,0
6574,1987,1.2536724729,11,12,1,1,0,1,0
6648,1980,2.361800523,2,12,1,0,0,1,0
6648,1981,1.9693981304,3,12,0,0,0,1,0
6648,1982,2.11794738,4,12,1,0,0,1,0
6648,1983,2.0883155824,5,12,1,0,0,1,0
6648,1984,2.522297039,6,12,1,0,0,1,0
6648,1985,1.6629391563,7,12,0,0,0,1,0
6648,1986,1.9186960098,8,12,0,0,0,1,0
6648,1987,1.5032027794,9,12,1,0,0,1,0
6813,1980,1.3426390509,3,12,1,0,0,1,0
6813,1981,1.347073648,4,12,0,0,0,1,0
6813,1982,1.4673598138,5,12,0,0,0,1,0
6813,1983,1.4377280162,6,12,1,0,0,1,0
6813,1984,1.4749070195,7,12,1,0,0,1,0
6813,1985,1.440539376,8,12,1,0,0,1,0
6813,1986,1.5635726566,9,12,1,0,0,1,0
6813,1987,1.649769831,10,12,1,0,0,1,0
6824,1980,1.0418342133,4,12,1,1,0,0,1
6824,1981,1.6835458846,5,12,1,1,0,0,1
6824,1982,1.4673598138,6,12,1,1,0,0,1
6824,1983,1.5177707239,7,12,1,1,0,0,1
6824,1984,1.5490149916,8,12,1,1,0,0,1
6824,1985,1.8200289977,9,12,1,1,0,0,1
6824,1986,1.851254729,10,12,1,1,0,0,1
6824,1987,1.8610789246,11,12,1,0,0,0,1
6888,1980,0.9247514228,7,10,0,0,0,0,1
6888,1981,0.989044726,8,10,1,0,0,0,1
6888,1982,0.7742126333,9,10,0,0,0,0,1
6888,1983,1.0495047146,10,10,0,0,0,0,1
6888,1984,1.5299667967,11,10,0,0,0,0,1
6888,1985,1.7088033626,12,10,0,1,0,0,1
6888,1986,1.7279565127,13,10,0,1,0,0,1
6888,1987,1.7010631254,14,10,0,1,0,0,1
6942,1980,1.3113589392,3,10,1,0,0,0,1
6942,1981,1.2765434972,4,10,0,0,0,0,1
6942,1982,1.8621132664,5,10,0,0,0,0,1
6942,1983,1.7575967752,6,10,0,0,0,0,1
6942,1984,1.7200715659,7,10,0,0,0,0,1
6942,1985,1.7659617764,8,10,0,0,0,0,1
6942,1986,1.9275167138,9,10,0,0,0,0,1
6942,1987,1.9520507029,10,10,0,1,0,0,1
6954,1980,1.8605510217,2,13,0,1,0,0,1
6954,1981,2.0488967764,3,13,0,1,0,0,1
6954,1982,1.99283489,4,13,0,1,0,0,1
6954,1983,1.8744456678,5,13,0,1,0,0,1
6954,1984,1.2035025445,6,13,0,1,0,0,1
6954,1985,1.6197408054,7,13,0,1,0,0,1
6954,1986,2.0743982803,8,13,0,1,0,0,1
6954,1987,1.7728663463,9,13,0,1,0,0,1
6955,1980,1.1923493441,3,11,1,0,1,0,1
6955,1981,2.2413624446,4,11,0,0,0,0,1
6955,1982,2.3116211443,5,11,0,0,0,0,1
6955,1983,1.816002072,6,11,1,0,0,0,1
6955,1984,1.5330932104,7,11,0,0,0,0,1
6955,1985,1.8468977401,8,11,0,0,0,0,1
6955,1986,1.9770434585,9,11,0,0,0,0,1
6955,1987,1.7658715885,10,11,0,1,0,0,1
6964,1980,1.3795065701,5,8,1,0,0,1,0
6964,1981,1.7793369492,6,8,0,0,0,1,0
6964,1982,1.2231490947,7,8,0,0,0,1,0
6964,1983,1.2554064594,8,8,0,0,0,1,0
6964,1984,1.5444330821,9,8,0,0,0,1,0
6964,1985,1.3010948435,10,8,0,0,0,1,0
6964,1986,1.5635726566,11,8,0,1,0,1,0
6964,1987,1.8002161792,12,8,1,1,0,1,0
6987,1980,2.465829776,2,15,0,0,0,0,0
6987,1981,2.5414770013,3,15,0,0,0,0,0
6987,1982,3.0858334631,4,15,0,1,0,0,0
6987,1983,3.2294874855,5,15,0,1,0,0,0
6987,1984,2.6204714448,6,15,0,1,0,0,0
6987,1985,2.6914291001,7,15,0,1,0,0,0
6987,1986,2.6063796098,8,15,0,1,0,0,0
6987,1987,2.2356518123,9,15,0,1,0,0,0
7025,1980,1.7114060406,4,12,1,0,0,0,1
7025,1981,1.9374193939,5,12,1,0,0,0,1
7025,1982,2.0269756018,6,12,1,0,0,0,1
7025,1983,2.2486582325,7,12,1,1,0,0,1
7025,1984,2.0692536153,8,12,1,1,0,0,1
7025,1985,2.2792718735,9,12,1,1,0,0,1
7025,1986,2.1513593215,10,12,1,1,0,0,1
7025,1987,2.1653073932,11,12,1,1,0,0,1
7043,1980,1.3493925739,2,12,0,0,0,0,0
7043,1981,1.6835458846,3,12,0,1,1,0,0
7043,1982,1.6905033652,4,12,0,1,0,0,0
7043,1983,1.7622240618,5,12,0,1,1,0,0
7043,1984,1.7721585429,6,12,0,1,1,0,0
7043,1985,1.9520724417,7,12,0,1,0,0,0
7043,1986,1.9465649088,8,12,0,1,0,0,0
7043,1987,1.7069282448,9,12,0,1,0,0,0
7060,1980,1.9180031958,2,12,0,0,0,0,0
7060,1981,1.6094379124,3,12,1,0,0,0,0
7060,1982,1.6215104937,4,12,1,0,0,0,0
7060,1983,1.6608715675,5,12,1,0,0,0,0
7060,1984,1.6825463843,6,12,0,0,0,0,0
7060,1985,1.7088033626,7,12,1,0,0,0,0
7060,1986,1.7458942134,8,12,1,0,0,0,0
7060,1987,1.7609954661,9,12,1,0,0,0,0
7087,1980,0.5567871461,2,11,0,0,0,1,0
7087,1981,1.0283159193,3,11,0,0,0,1,0
7087,1982,1.0084060208,4,11,0,0,0,1,0
7087,1983,0.9463204783,5,11,1,0,1,1,0
7087,1984,1.1950681245,6,11,1,0,0,1,0
7087,1985,1.1107860896,7,11,1,0,0,1,0
7087,1986,1.2246994584,8,11,0,0,0,1,0
7087,1987,1.0663633746,9,11,0,0,0,1,0
7238,1980,1.3426390509,8,6,1,0,0,0,1
7238,1981,1.3898721825,9,6,0,0,0,0,1
7238,1982,1.4802632187,10,6,0,1,0,0,1
7238,1983,1.3701347251,11,6,0,1,0,0,1
7238,1984,1.1185446244,12,6,0,1,0,0,1
7238,1985,1.4004869082,13,6,0,1,0,0,1
7238,1986,1.1113858318,14,6,0,1,0,0,1
7238,1987,1.9075989403,15,6,0,1,0,0,1
7279,1980,1.3281555851,4,12,1,0,0,1,0
7279,1981,1.347073648,5,12,1,0,0,1,0
7279,1982,1.3803484369,6,12,1,0,0,1,0
7279,1983,1.3507166392,7,12,1,0,0,1,0
7279,1984,1.4356863063,8,12,1,0,0,1,0
7279,1985,1.5836402196,9,12,1,0,0,1,0
7279,1986,1.2534177283,10,12,1,0,0,1,0
7279,1987,1.5891452092,11,12,1,0,0,1,0
7342,1980,1.3760559172,5,12,0,0,0,0,0
7342,1981,1.3902236393,6,12,0,0,0,0,0
7342,1982,1.4393283,7,12,0,0,0,0,0
7342,1983,1.6047821009,8,12,0,0,0,0,0
7342,1984,1.4901744916,9,12,0,0,0,0,0
7342,1985,1.440539376,10,12,0,0,0,0,0
7342,1986,1.2226460696,11,12,0,0,0,0,0
7342,1987,1.2962989792,12,12,0,0,0,0,0
7343,1980,1.3514797905,1,15,0,0,0,0,0
7343,1981,1.4171832142,2,15,1,0,0,0,0
7343,1982,1.5995185227,3,15,0,0,0,0,0
7343,1983,1.683882902,4,15,0,1,0,0,0
7343,1984,1.6817774492,5,15,0,1,0,0,0
7343,1985,1.6801530454,6,15,1,1,0,0,0
7343,1986,1.9673564865,7,15,1,1,0,0,0
7343,1987,1.9344885871,8,15,1,1,0,0,0
7411,1980,1.1507480431,2,12,1,0,0,1,0
7411,1981,1.4423221926,3,12,1,0,0,1,0
7411,1982,0.8907528468,4,12,1,0,0,1,0
7411,1983,1.1502681413,5,12,0,0,0,1,0
7411,1984,1.2206728811,6,12,0,0,0,1,0
7411,1985,0.8875388272,7,12,0,0,0,1,0
7411,1986,1.4098145184,8,12,1,1,0,1,0
7411,1987,1.5891452092,9,12,1,1,0,1,0
7424,1980,1.2893945364,1,11,0,0,0,0,1
7424,1981,1.4084144866,2,11,0,0,0,0,1
7424,1982,1.6667492791,3,11,1,0,0,0,1
7424,1983,2.1729386564,4,11,1,0,0,0,1
7424,1984,1.8920802325,5,11,1,0,0,0,1
7424,1985,2.46084744,6,11,1,1,0,0,1
7424,1986,2.4013010659,7,11,1,0,0,0,1
7424,1987,2.4043684791,8,11,1,0,0,0,1
7429,1980,1.9392054035,6,8,0,1,0,0,0
7429,1981,1.3074211002,7,8,1,0,0,0,0
7429,1982,1.4204028308,8,8,0,0,0,0,0
7429,1983,0.5560969862,9,8,0,0,1,0,0
7429,1984,1.4041914947,10,8,0,0,0,0,0
7429,1985,1.7434889206,11,8,0,0,0,0,0
7429,1986,1.4783657913,12,8,0,0,0,0,0
7429,1987,1.4625433649,13,8,0,0,0,0,0
7454,1980,1.3812792125,2,15,0,0,0,1,0
7454,1981,1.6602775892,3,15,0,0,0,1,0
7454,1982,1.8283505618,4,15,0,0,0,1,0
7454,1983,1.9801114804,5,15,0,0,0,1,0
7454,1984,2.1539667788,6,15,0,0,0,1,0
7454,1985,2.0909754384,7,15,0,0,0,1,0
7454,1986,2.1254069492,8,15,0,0,0,1,0
7454,1987,2.1699632048,9,15,0,0,0,1,0
7472,1980,1.3155614287,3,10,1,0,0,0,1
7472,1981,1.3725431895,4,10,0,1,0,0,1
7472,1982,1.4822632193,5,10,0,1,0,0,1
7472,1983,1.5918786961,6,10,0,1,0,0,1
7472,1984,1.6825463843,7,10,0,1,0,0,1
7472,1985,1.4143235338,8,10,1,1,0,0,1
7472,1986,1.9379864248,9,10,0,1,0,0,1
7472,1987,2.0354323118,10,10,1,1,0,0,1
7474,1980,1.3394107752,2,12,0,0,0,1,0
7474,1981,1.9348603129,3,12,1,0,0,1,0
7474,1982,1.2109302849,4,12,1,0,0,1,0
7474,1983,0.9348980738,5,12,1,0,0,1,0
7474,1984,1.65082058,6,12,1,1,0,1,0
7474,1985,1.7994489577,7,12,1,1,0,1,0
7474,1986,1.9000448932,8,12,1,1,0,1,0
7474,1987,1.9520507029,9,12,1,1,0,1,0
7509,1980,1.407177572,5,11,1,1,0,1,0
7509,1981,1.6094379124,6,11,1,1,0,1,0
7509,1982,1.6349201806,7,11,1,1,0,1,0
7509,1983,1.7254100887,8,11,1,1,0,1,0
7509,1984,1.8803721276,9,11,0,1,0,1,0
7509,1985,1.9358920627,10,11,1,1,0,1,0
7509,1986,2.1513593215,11,11,1,1,0,1,0
7509,1987,1.9075989403,12,11,1,1,0,1,0
7539,1980,1.1783359996,1,12,0,0,0,0,1
7539,1981,1.1316521427,2,12,0,0,0,0,1
7539,1982,1.1722427629,3,12,1,0,0,0,1
7539,1983,1.2352037521,4,12,0,1,0,0,1
7539,1984,1.4408043819,5,12,1,1,0,0,1
7539,1985,1.4197568368,6,12,1,1,0,0,1
7539,1986,1.6989372303,7,12,1,1,0,0,1
7539,1987,1.1785650004,8,12,1,0,0,0,1
7769,1980,1.7583730502,2,14,0,1,0,0,0
7769,1981,1.7350641256,3,14,0,1,0,0,0
7769,1982,1.8273625479,4,14,0,1,0,0,0
7769,1983,1.8207202685,5,14,0,1,0,0,0
7769,1984,2.0217916931,6,14,0,1,0,0,0
7769,1985,1.9766828077,7,14,0,1,0,0,0
7769,1986,1.9566152447,8,14,0,1,0,0,0
7769,1987,2.0660692813,9,14,0,1,0,0,0
7783,1980,1.4164512088,3,12,0,0,0,0,0
7783,1981,1.2292906123,4,12,0,0,0,0,0
7783,1982,1.4407927865,5,12,0,0,0,0,0
7783,1983,2.4056235205,6,12,0,0,0,0,0
7783,1984,2.0282922577,7,12,0,0,0,0,0
7783,1985,1.11416257,8,12,0,0,0,0,0
7783,1986,1.4951953591,9,12,0,0,0,0,0
7783,1987,1.515037237,10,12,0,0,0,0,0
7784,1980,1.7941392086,1,11,0,0,0,0,0
7784,1981,2.9374633654,2,11,0,0,0,0,0
7784,1982,3.4727067166,3,11,0,0,0,0,0
7784,1983,2.9705101844,4,11,0,0,0,0,0
7784,1984,3.7774921125,5,11,0,0,0,0,0
7784,1985,4.0518599506,6,11,0,0,0,0,0
7784,1986,3.2929091852,7,11,0,0,0,0,0
7784,1987,3.0963042725,8,11,0,0,0,0,0
7801,1980,0.9040739944,1,13,0,0,0,1,0
7801,1981,1.1874435024,2,13,0,0,1,1,0
7801,1982,0.8537072456,3,13,1,0,1,1,0
7801,1983,1.6951047392,4,13,0,0,0,1,0
7801,1984,1.1403498808,5,13,1,0,0,1,0
7801,1985,1.0350742679,6,13,0,0,0,1,0
7801,1986,1.4945797851,7,13,0,0,0,1,0
7801,1987,1.4327991388,8,13,0,0,0,1,0
7824,1980,1.7459148153,2,12,1,0,0,0,1
7824,1981,1.5096733823,3,12,0,0,0,0,1
7824,1982,1.5727203295,4,12,0,0,0,0,1
7824,1983,1.2300886515,5,12,0,0,0,0,1
7824,1984,1.9392234296,6,12,0,0,0,0,1
7824,1985,2.0021101987,7,12,0,1,0,0,1
7824,1986,2.0335762858,8,12,0,1,0,0,1
7824,1987,2.1042534947,9,12,0,1,0,0,1
7874,1980,2.2059552102,2,15,0,0,0,0,0
7874,1981,2.0772699882,3,15,0,0,0,0,0
7874,1982,2.3430893414,4,15,0,0,0,0,0
7874,1983,2.2670073711,5,15,0,0,0,0,0
7874,1984,2.3358476563,6,15,0,0,0,0,0
7874,1985,2.3599158498,7,15,0,0,0,0,0
7874,1986,2.5444019096,8,15,0,0,0,0,0
7874,1987,2.2742479104,9,15,0,0,0,0,0
7887,1980,1.4760825353,4,12,0,0,0,0,0
7887,1981,2.2008023987,5,12,1,0,1,0,0
7887,1982,0.9582279313,6,12,0,0,0,0,0
7887,1983,1.9655736432,7,12,0,0,0,0,0
7887,1984,1.6369516782,8,12,0,1,0,0,0
7887,1985,1.649908845,9,12,0,1,0,0,0
7887,1986,1.9433114366,10,12,0,1,0,0,0
7887,1987,2.0170831731,11,12,0,1,0,0,0
7923,1980,2.2221820107,5,12,0,1,0,1,0
7923,1981,2.2443161849,6,12,1,0,0,1,0
7923,1982,2.1605069944,7,12,1,0,0,1,0
7923,1983,2.2109179045,8,12,1,0,0,1,0
7923,1984,2.3439448665,9,12,1,0,0,1,0
7923,1985,2.4165493425,10,12,1,0,0,1,0
7923,1986,2.4108705169,11,12,1,0,0,1,0
7923,1987,2.357515811,12,12,1,1,0,1,0
7926,1980,1.8412517327,5,12,1,1,0,0,1
7926,1981,1.7525387561,6,12,1,1,0,0,1
7926,1982,1.8156665081,7,12,1,1,0,0,1
7926,1983,1.8431931243,8,12,1,1,0,0,1
7926,1984,1.8003294199,9,12,1,1,0,0,1
7926,1985,1.7659617764,10,12,0,1,0,0,1
7926,1986,1.851254729,11,12,1,1,0,0,1
7926,1987,1.733726438,12,12,1,1,0,0,1
8021,1980,1.3964860475,2,15,0,0,0,0,0
8021,1981,1.5833391595,3,15,0,0,0,0,0
8021,1982,1.9163100339,4,15,0,0,0,0,0
8021,1983,1.899481746,5,15,0,0,0,0,0
8021,1984,2.1570851687,6,15,0,0,0,0,0
8021,1985,2.2077945287,7,15,0,0,0,0,0
8021,1986,2.3007018674,8,15,0,0,0,0,0
8021,1987,2.6822780321,9,15,0,0,0,0,0
8087,1980,2.0357862315,3,12,0,0,0,0,1
8087,1981,1.9066894359,4,12,0,0,0,0,1
8087,1982,2.2158570895,5,12,0,0,0,0,1
8087,1983,0.3852568836,6,12,0,0,0,0,1
8087,1984,1.4487209846,7,12,0,0,0,0,1
8087,1985,1.7723926667,8,12,0,0,0,0,1
8087,1986,1.3643823463,9,12,0,0,0,0,1
8087,1987,1.6046493957,10,12,0,0,0,0,1
8089,1980,1.579027829,3,12,0,0,0,0,0
8089,1981,1.6247053846,4,12,0,0,0,0,0
8089,1982,1.7297240783,5,12,0,0,0,0,0
8089,1983,1.7658436583,6,12,0,1,0,0,0
8089,1984,1.2909841813,7,12,0,1,0,0,0
8089,1985,-0.889556367,8,12,0,1,0,0,0
8089,1986,1.8706728149,9,12,0,1,0,0,0
8089,1987,2.0899204971,10,12,0,1,0,0,0
8090,1980,1.735681639,2,14,0,0,0,0,0
8090,1981,1.5740707686,3,14,0,0,0,0,0
8090,1982,1.4415956769,4,14,0,0,0,0,0
8090,1983,2.5472557415,5,14,0,0,0,0,0
8090,1984,2.9914727866,6,14,0,0,0,0,0
8090,1985,3.0114436244,7,14,0,1,0,0,0
8090,1986,3.0992746899,8,14,0,1,0,0,0
8090,1987,3.0966615549,9,14,0,1,0,0,0
8096,1980,1.6948596445,11,6,1,0,0,0,1
8096,1981,1.7325476096,12,6,0,0,0,0,1
8096,1982,1.4695965938,13,6,0,0,0,0,1
8096,1983,1.5918786961,14,6,0,0,0,0,1
8096,1984,1.7431710061,15,6,0,0,0,0,1
8096,1985,1.581780907,16,6,0,0,0,0,1
8096,1986,1.1203672205,17,6,0,0,0,0,1
8096,1987,1.6216855829,18,6,0,0,0,0,1
8106,1980,1.5879618495,9,8,1,0,0,0,1
8106,1981,1.5488132906,10,8,0,1,0,0,1
8106,1982,1.5505324145,11,8,0,0,0,0,1
8106,1983,1.3949498942,12,8,0,0,0,0,1
8106,1984,1.4749070195,13,8,0,0,1,0,1
8106,1985,1.3799147542,14,8,0,0,0,0,1
8106,1986,1.4362201699,15,8,0,0,0,0,1
8106,1987,1.6580007274,16,8,0,0,0,0,1
8107,1980,1.1066715229,11,3,0,0,0,0,1
8107,1981,1.2417131323,12,3,0,0,0,0,1
8107,1982,1.41956915,13,3,0,0,0,0,1
8107,1983,1.5918786961,14,3,0,0,0,0,1
8107,1984,1.5849079147,15,3,0,0,0,0,1
8107,1985,1.5146473481,16,3,0,0,0,0,1
8107,1986,1.4072265862,17,3,0,0,0,0,1
8107,1987,1.707802753,18,3,0,0,0,0,1
8142,1980,1.2387589204,2,11,0,0,0,0,1
8142,1981,1.3862943611,3,11,0,0,0,0,1
8142,1982,1.4589915642,4,11,0,0,0,0,1
8142,1983,1.3507166392,5,11,0,0,0,0,1
8142,1984,1.3571239838,6,11,0,0,0,0,1
8142,1985,1.4539623963,7,11,0,0,0,0,1
8142,1986,1.4062871779,8,11,0,0,0,0,1
8142,1987,1.3527564311,9,11,0,0,0,0,1
8168,1980,1.9145127909,2,11,1,0,0,0,1
8168,1981,1.8430527636,3,11,1,0,0,0,1
8168,1982,1.7151252789,4,11,1,0,0,0,1
8168,1983,1.398005527,5,11,1,1,0,0,1
8168,1984,1.6825463843,6,11,1,1,0,0,1
8168,1985,1.8713222921,7,11,1,1,0,0,1
8168,1986,1.9527942066,8,11,0,1,0,0,1
8168,1987,2.3704323076,9,11,1,1,0,0,1
8173,1980,1.4479995666,9,8,0,1,0,0,1
8173,1981,1.347073648,10,8,0,1,0,0,1
8173,1982,1.5896277437,11,8,0,1,0,0,1
8173,1983,1.64496021,12,8,0,1,0,0,1
8173,1984,1.4749070195,13,8,0,1,0,0,1
8173,1985,1.4915249307,14,8,0,1,0,0,1
8173,1986,1.5635726566,15,8,0,1,0,0,1
8173,1987,1.4107762267,16,8,0,1,0,0,1
8203,1980,2.2382614387,2,14,0,1,0,0,1
8203,1981,2.2848855159,3,14,0,1,0,0,1
8203,1982,2.0621420446,4,14,0,1,0,0,1
8203,1983,2.2690255353,5,14,0,1,0,0,1
8203,1984,0.7837148738,6,14,0,1,0,0,1
8203,1985,3.2396789525,7,14,0,1,0,0,1
8203,1986,2.3976042041,8,14,0,1,0,0,1
8203,1987,3.2219404855,9,14,0,1,0,0,1
8211,1980,0.4246670409,6,8,1,0,0,0,1
8211,1981,1.4423838278,7,8,0,1,0,0,1
8211,1982,1.4335956342,8,8,0,0,0,0,1
8211,1983,1.3961418409,9,8,0,0,0,0,1
8211,1984,1.4211816201,10,8,1,0,0,0,1
8211,1985,1.3841252867,11,8,1,0,0,0,1
8211,1986,1.3096574466,12,8,1,0,0,0,1
8211,1987,0.9716643617,13,8,0,0,0,0,1
8224,1980,1.9507930186,5,12,0,0,0,1,0
8224,1981,1.9154131779,6,12,0,0,0,1,0
8224,1982,1.9389345353,7,12,0,0,0,1,0
8224,1983,2.1548284378,8,12,0,0,0,1,0
8224,1984,1.1794428066,9,12,0,0,0,1,0
8224,1985,1.3972205013,10,12,0,0,0,1,0
8224,1986,1.8121925238,11,12,1,0,0,1,0
8224,1987,2.0725124604,12,12,1,0,0,1,0
8272,1980,1.8247519008,3,10,0,1,0,0,1
8272,1981,1.971227957,4,10,1,1,0,0,1
8272,1982,2.3330620753,5,10,1,1,0,0,1
8272,1983,2.2486582325,6,10,1,1,0,0,1
8272,1984,2.1351203784,7,10,1,1,0,0,1
8272,1985,2.3687248955,8,10,1,1,0,0,1
8272,1986,2.3486573324,9,10,1,1,0,0,1
8272,1987,2.34427009,10,10,0,1,0,0,1
8300,1980,1.4428581671,0,12,0,0,0,0,1
8300,1981,1.420811866,1,12,0,0,0,0,1
8300,1982,1.6905033652,2,12,0,0,0,0,1
8300,1983,1.6474485472,3,12,1,0,0,0,1
8300,1984,1.9544800997,4,12,1,0,0,0,1
8300,1985,1.8713222921,5,12,0,0,0,0,1
8300,1986,2.0059883293,6,12,1,0,0,0,1
8300,1987,1.6737962199,7,12,1,0,0,0,1
8304,1980,1.7793567025,2,12,0,0,0,0,1
8304,1981,1.6992942416,3,12,0,0,0,0,1
8304,1982,1.6372588506,4,12,0,0,0,0,1
8304,1983,1.6682516748,5,12,0,0,0,0,1
8304,1984,1.6825463843,6,12,0,1,0,0,1
8304,1985,1.5968854464,7,12,0,1,0,0,1
8304,1986,1.682178399,8,12,0,1,0,0,1
8304,1987,1.8342676672,9,12,1,1,0,0,1
8364,1980,1.4151664095,3,11,0,0,0,0,1
8364,1981,1.5570018945,4,11,0,1,0,0,1
8364,1982,2.0576125712,5,11,0,1,0,0,1
8364,1983,1.3517855864,6,11,0,1,0,0,1
8364,1984,1.3878956425,7,11,1,1,0,0,1
8364,1985,1.4259222418,8,11,0,1,0,0,1
8364,1986,1.5206667853,9,11,0,1,0,0,1
8364,1987,1.524606688,10,11,0,1,0,0,1
8370,1980,1.9643077638,3,12,0,0,0,0,0
8370,1981,2.0301704927,4,12,1,0,0,0,0
8370,1982,2.0734956174,5,12,1,0,0,0,0
8370,1983,2.0438638198,6,12,0,0,0,0,0
8370,1984,2.0880114924,7,12,1,1,0,0,0
8370,1985,2.1336865565,8,12,1,1,0,0,0
8370,1986,2.1136189935,9,12,0,1,0,0,0
8370,1987,1.9520507029,10,12,1,1,0,0,0
8381,1980,1.0278663784,2,10,0,0,0,0,1
8381,1981,0.9841681543,3,10,1,0,0,0,1
8381,1982,1.4564725502,4,10,0,0,0,0,1
8381,1983,1.3337145613,5,10,0,0,1,0,1
8381,1984,1.417555723,6,10,0,0,0,0,1
8381,1985,1.5572069625,7,10,0,0,0,0,1
8381,1986,1.6431814306,8,10,0,0,0,0,1
8381,1987,1.9507161237,9,10,0,0,0,0,1
8388,1980,1.39124675,8,8,0,1,0,0,1
8388,1981,1.4943038849,9,8,0,1,0,0,1
8388,1982,1.4407443768,10,8,0,1,0,0,1
8388,1983,1.4002529051,11,8,0,1,0,0,1
8388,1984,1.4745886664,12,8,0,1,0,0,1
8388,1985,1.4062906623,13,8,0,1,0,0,1
8388,1986,1.4632555672,14,8,0,1,0,0,1
8388,1987,1.567807273,15,8,0,1,0,0,1
8406,1980,1.2933911161,6,8,1,1,0,0,1
8406,1981,1.6094379124,7,8,0,1,0,0,1
8406,1982,1.4673598138,8,8,0,1,0,0,1
8406,1983,1.5477775214,9,8,0,1,0,0,1
8406,1984,1.611318875,10,8,0,1,0,0,1
8406,1985,1.5769512315,11,8,0,1,0,0,1
8406,1986,1.706228957,12,8,0,1,0,0,1
8406,1987,1.7069282448,13,8,0,1,0,0,1
8415,1980,1.1724095399,2,10,0,0,0,1,0
8415,1981,0.4269441398,3,10,1,0,0,1,0
8415,1982,1.5100149894,4,10,0,0,0,1,0
8415,1983,-0.069549383,5,10,1,0,0,1,0
8415,1984,1.8277283941,6,10,1,0,0,1,0
8415,1985,1.7933607506,7,10,1,1,0,1,0
8415,1986,1.9910166714,8,10,1,1,0,1,0
8415,1987,1.9520507029,9,10,1,1,0,1,0
8496,1980,1.3518156427,2,12,0,0,0,1,0
8496,1981,1.1962507582,3,12,0,0,0,1,0
8496,1982,0.6411621255,4,12,0,0,0,1,0
8496,1983,1.1161443921,5,12,0,0,0,1,0
8496,1984,0.9893992037,6,12,0,0,0,1,0
8496,1985,1.137353117,7,12,0,0,0,1,0
8496,1986,1.0527470328,8,12,0,0,0,1,0
8496,1987,1.2144517597,9,12,0,1,0,1,0
8501,1980,0.9624917508,5,10,0,0,0,1,0
8501,1981,1.0341295727,6,10,1,0,0,1,0
8501,1982,0.854255341,7,10,1,0,0,1,0
8501,1983,1.0916863286,8,10,1,0,0,1,0
8501,1984,0.8558678111,9,10,0,0,0,1,0
8501,1985,0.8215001676,10,10,0,0,0,1,0
8501,1986,0.9349639971,11,10,1,0,0,1,0
8501,1987,1.0137810643,12,10,0,0,0,1,0
8518,1980,1.8561277921,5,12,1,0,0,0,0
8518,1981,2.1806118955,6,12,1,0,0,0,0
8518,1982,2.4266519817,7,12,1,1,0,0,0
8518,1983,2.3727937701,8,12,1,1,0,0,0
8518,1984,2.7035724364,9,12,1,1,0,0,0
8518,1985,2.9218999847,10,12,1,1,0,0,0
8518,1986,2.1649122879,11,12,0,1,0,0,0
8518,1987,1.8867912878,12,12,0,1,0,0,0
8520,1980,0.5544002459,2,15,0,0,0,0,0
8520,1981,1.115961927,3,15,1,0,0,0,0
8520,1982,1.3153700228,4,15,0,0,0,0,0
8520,1983,1.2599037365,5,15,0,1,0,0,0
8520,1984,1.296499362,6,15,0,1,0,0,0
8520,1985,-1.15518164,7,15,0,1,0,0,0
8520,1986,1.28834766,8,15,0,1,0,0,0
8520,1987,1.3660016579,9,15,0,1,0,0,0
8524,1980,1.1982588504,1,11,0,1,0,0,0
8524,1981,1.5293952048,2,11,0,1,0,0,0
8524,1982,1.5267832343,3,11,1,1,0,0,0
8524,1983,1.4971514367,4,11,1,1,0,0,0
8524,1984,1.5141277326,5,11,1,1,0,0,0
8524,1985,1.7282214484,6,11,1,1,0,0,0
8524,1986,-0.699791723,7,11,1,1,0,0,0
8524,1987,1.5806345195,8,11,1,1,0,0,0
8548,1980,1.194742035,3,8,0,0,0,0,0
8548,1981,1.1833535171,4,8,0,0,0,0,0
8548,1982,1.1376976691,5,8,0,0,0,0,0
8548,1983,1.3670372756,6,8,0,0,0,0,0
8548,1984,1.344393949,7,8,0,1,0,0,0
8548,1985,1.5322640374,8,8,0,0,0,0,0
8548,1986,1.1927931064,9,8,0,0,0,0,0
8548,1987,1.0678482855,10,8,0,0,0,0,0
8556,1980,1.6380431694,2,11,0,0,0,0,0
8556,1981,1.7830475286,3,11,0,0,0,0,0
8556,1982,1.6385131983,4,11,0,0,0,0,0
8556,1983,1.7708724628,5,11,0,1,0,0,0
8556,1984,1.9731312164,6,11,0,1,0,0,0
8556,1985,2.0221451818,7,11,0,1,0,0,0
8556,1986,1.9237502311,8,11,0,1,0,0,0
8556,1987,2.0354323118,9,11,0,1,0,0,0
8564,1980,0.809186737,1,11,0,0,0,0,0
8564,1981,1.263692039,2,11,0,1,0,0,0
8564,1982,1.3545643197,3,11,0,1,0,0,0
8564,1983,1.4705178391,4,11,0,1,0,0,0
8564,1984,1.3636813844,5,11,0,1,0,0,0
8564,1985,1.819571227,6,11,0,1,0,0,0
8564,1986,1.5370056292,7,11,0,1,0,0,0
8564,1987,1.524606688,8,11,0,1,0,0,0
8581,1980,1.2277090842,3,12,0,0,0,1,0
8581,1981,1.1678283994,4,12,0,0,0,1,0
8581,1982,0.7084504855,5,12,0,0,0,1,0
8581,1983,0.9615011099,6,12,0,0,0,1,0
8581,1984,0.6740972875,7,12,0,1,0,1,0
8581,1985,0.9843019425,8,12,0,1,0,1,0
8581,1986,0.7273246324,9,12,0,1,0,1,0
8581,1987,0.7490158383,10,12,0,0,0,1,0
8586,1980,-0.764880908,3,12,0,0,0,1,0
8586,1981,1.649516136,4,12,0,0,0,1,0
8586,1982,1.8728249219,5,12,0,0,0,1,0
8586,1983,1.6133750646,6,12,0,0,0,1,0
8586,1984,1.6279830082,7,12,0,0,0,1,0
8586,1985,1.6481787408,8,12,0,0,0,1,0
8586,1986,1.7968195225,9,12,0,0,0,1,0
8586,1987,1.6762301995,10,12,0,0,0,1,0
8587,1980,0.992074102,3,11,1,0,0,1,0
8587,1981,0.898236079,4,11,0,0,0,1,0
8587,1982,0.9699907663,5,11,0,0,0,1,0
8587,1983,0.8040042561,6,11,0,0,0,1,0
8587,1984,1.305523408,7,11,0,0,0,1,0
8587,1985,1.4766252325,8,11,1,0,0,1,0
8587,1986,-0.981204183,9,11,0,0,0,1,0
8587,1987,0.7911183978,10,11,0,0,0,1,0
8597,1980,1.5211218314,6,10,1,0,0,1,0
8597,1981,1.1349799328,7,10,1,0,0,1,0
8597,1982,1.7550418863,8,10,1,0,0,1,0
8597,1983,1.7860347105,9,10,1,0,0,1,0
8597,1984,1.8543966412,10,10,1,0,0,1,0
8597,1985,1.9201124562,11,10,1,0,0,1,0
8597,1986,1.9465649088,12,10,1,0,0,1,0
8597,1987,1.9520507029,13,10,1,0,0,1,0
8656,1980,1.2248560152,2,12,0,0,0,0,0
8656,1981,1.3567355589,3,12,0,0,0,0,0
8656,1982,1.5373569934,4,12,0,0,0,0,0
8656,1983,1.7491949937,5,12,0,1,0,0,0
8656,1984,1.6676777157,6,12,1,1,0,0,0
8656,1985,1.4951275663,7,12,0,1,0,0,0
8656,1986,1.2355494744,8,12,0,1,0,0,0
8656,1987,0.82337926,9,12,0,1,0,0,0
8722,1980,1.70079438,4,12,0,0,0,0,1
8722,1981,1.550249041,5,12,0,0,0,0,1
8722,1982,1.679744146,6,12,0,0,0,0,1
8722,1983,1.7860347105,7,12,0,0,0,0,1
8722,1984,1.6825463843,8,12,0,0,0,0,1
8722,1985,1.6228609328,9,12,0,0,0,0,1
8722,1986,1.8557898842,10,12,0,0,0,0,1
8722,1987,1.6889905441,11,12,0,0,0,0,1
8743,1980,1.6156365717,3,12,0,1,0,0,0
8743,1981,1.9800076447,4,12,0,1,0,0,0
8743,1982,1.84427302,5,12,0,1,0,0,0
8743,1983,1.622107698,6,12,0,1,0,0,0
8743,1984,1.8012914209,7,12,0,1,0,0,0
8743,1985,1.5861564947,8,12,0,1,0,0,0
8743,1986,1.547530691,9,12,0,1,0,0,0
8743,1987,1.5465855947,10,12,0,1,0,0,0
8749,1980,1.6591955444,9,8,0,1,0,1,0
8749,1981,1.3259312114,10,8,0,1,0,1,0
8749,1982,1.5718999931,11,8,0,1,0,1,0
8749,1983,1.4377280162,12,8,0,1,0,1,0
8749,1984,1.515763056,13,8,0,1,0,1,0
8749,1985,1.4328173299,14,8,0,1,0,1,0
8749,1986,1.5296711049,15,8,0,1,0,1,0
8749,1987,1.7471100345,16,8,0,1,0,1,0
8758,1980,1.4255267107,3,12,0,1,0,0,0
8758,1981,1.1983070668,4,12,0,1,0,0,0
8758,1982,1.5207250344,5,12,0,1,0,0,0
8758,1983,1.9945831951,6,12,0,1,0,0,0
8758,1984,1.7099791417,7,12,0,1,0,0,0
8758,1985,1.8299470472,8,12,0,1,0,0,0
8758,1986,2.4572086979,9,12,0,1,0,0,0
8758,1987,1.5695013624,10,12,0,1,0,0,0
8796,1980,1.007498401,2,13,1,0,0,0,0
8796,1981,2.0659733246,3,13,1,0,0,0,0
8796,1982,2.1979900877,4,13,1,0,0,0,0
8796,1983,2.2979292815,5,13,1,0,0,0,0
8796,1984,2.171184093,6,13,1,0,0,0,0
8796,1985,2.2407319926,7,13,1,0,0,0,0
8796,1986,2.2275502699,8,13,1,0,0,0,0
8796,1987,2.2209641442,9,13,1,0,0,0,0
8838,1980,1.5313621729,3,12,0,0,0,0,0
8838,1981,1.6773153348,4,12,0,0,0,0,0
8838,1982,1.2408773613,5,12,0,0,0,0,0
8838,1983,1.4827656147,6,12,0,0,0,0,0
8838,1984,1.2106215248,7,12,0,0,0,0,0
8838,1985,1.633858687,8,12,0,0,0,0,0
8838,1986,1.7569440495,9,12,0,1,0,0,0
8838,1987,1.8610789246,10,12,0,1,0,0,0
8842,1980,1.2442741011,2,11,0,0,1,0,0
8842,1981,0.8352869477,3,11,0,0,0,0,0
8842,1982,1.1796777414,4,11,0,0,1,0,0
8842,1983,1.2436748454,5,11,0,1,0,0,0
8842,1984,1.6753607246,6,11,0,1,0,0,0
8842,1985,1.6337533739,7,11,0,1,0,0,0
8842,1986,1.5938857918,8,11,0,1,0,0,0
8842,1987,1.5378519148,9,11,0,1,0,0,0
8846,1980,1.2971766768,2,12,1,1,0,0,0
8846,1981,1.3268709406,3,12,1,1,0,0,0
8846,1982,1.2810302356,4,12,1,1,0,0,0
8846,1983,1.3425928211,5,12,1,1,0,0,0
8846,1984,1.3347603877,6,12,1,1,0,0,0
8846,1985,1.4891413048,7,12,1,1,0,0,0
8846,1986,1.7603247577,8,12,1,1,0,0,0
8846,1987,1.6277031586,9,12,1,1,0,0,0
8860,1980,1.2306452856,4,13,1,0,0,0,1
8860,1981,1.3268709406,5,13,1,0,0,0,1
8860,1982,1.2851247398,6,13,0,0,0,0,1
8860,1983,1.1694640296,7,13,0,0,0,0,1
8860,1984,1.2266428794,8,13,0,1,0,0,1
8860,1985,1.2734852913,9,13,0,1,0,0,1
8860,1986,1.2624675638,10,13,1,1,0,0,1
8860,1987,1.1191415799,11,13,0,1,0,0,1
8862,1980,1.2662797191,2,13,0,0,0,0,1
8862,1981,1.397785869,3,13,0,0,0,0,1
8862,1982,1.5049207756,4,13,0,0,0,0,1
8862,1983,1.5177707239,5,13,0,0,0,0,1
8862,1984,1.5098867384,6,13,0,0,0,0,1
8862,1985,1.8880378658,7,13,0,0,0,0,1
8862,1986,1.7636330377,8,13,0,0,0,0,1
8862,1987,1.8923314682,9,13,0,0,0,0,1
8880,1980,2.0589245415,4,12,0,0,0,0,1
8880,1981,2.2924969249,5,12,0,0,0,0,1
8880,1982,2.298985569,6,12,1,0,0,0,1
8880,1983,2.4020471776,7,12,1,0,0,0,1
8880,1984,2.3909644357,8,12,1,1,0,0,1
8880,1985,2.4065038144,9,12,1,1,0,0,1
8880,1986,2.5190841016,10,12,1,1,0,0,1
8880,1987,2.5248540269,11,12,1,1,0,0,1
8886,1980,1.429428181,5,12,0,0,0,0,1
8886,1981,1.4423838278,6,12,0,0,0,0,1
8886,1982,1.5792738085,7,12,0,0,0,0,1
8886,1983,1.4905732161,8,12,0,0,0,0,1
8886,1984,1.7888570187,9,12,0,0,0,0,1
8886,1985,1.6022656837,10,12,0,1,0,0,1
8886,1986,1.4980323987,11,12,0,1,0,0,1
8886,1987,2.1187130147,12,12,0,0,0,0,1
8903,1980,0.981671713,2,11,0,0,0,0,1
8903,1981,-0.220918856,3,11,0,1,0,0,1
8903,1982,1.1854636785,4,11,0,0,0,0,1
8903,1983,1.3969129661,5,11,0,1,0,0,1
8903,1984,1.3078529348,6,11,0,1,0,0,1
8903,1985,1.6527138959,7,11,0,1,0,0,1
8903,1986,1.1581075485,8,11,0,1,1,0,1
8903,1987,0.4595170914,9,11,0,1,0,0,1
8908,1980,1.2411829085,2,12,1,0,0,0,1
8908,1981,1.2714140851,3,12,1,1,0,0,1
8908,1982,1.4236544064,4,12,0,1,0,0,1
8908,1983,1.160250549,5,12,0,1,0,0,1
8908,1984,1.2281166984,6,12,0,1,0,0,1
8908,1985,1.3838440323,7,12,0,1,0,0,1
8908,1986,1.149982141,8,12,1,1,0,0,1
8908,1987,1.1568819079,9,12,1,1,0,0,1
8911,1980,1.047522,4,12,0,0,0,0,1
8911,1981,1.1239300967,5,12,1,0,0,0,1
8911,1982,1.0618947057,6,12,1,0,0,0,1
8911,1983,0.9269023925,7,12,0,0,0,0,1
8911,1984,1.0500238255,8,12,1,0,0,0,1
8911,1985,1.0728145958,9,12,0,0,0,0,1
8911,1986,1.1172855539,10,12,1,0,0,0,1
8911,1987,1.1191415799,11,12,0,0,0,0,1
8917,1980,1.5560339237,4,11,0,1,0,0,1
8917,1981,2.0005330803,5,11,0,1,0,0,1
8917,1982,1.5859189373,6,11,0,1,0,0,1
8917,1983,1.7403661798,7,11,0,0,0,0,1
8917,1984,1.8662675214,8,11,0,0,0,0,1
8917,1985,2.1336865565,9,11,0,0,1,0,1
8917,1986,2.154777066,10,11,0,0,0,0,1
8917,1987,1.9396578604,11,11,0,0,0,0,1
8991,1980,1.4515021971,3,11,0,0,0,1,0
8991,1981,2.2760371645,4,11,1,0,0,1,0
8991,1982,2.011175601,5,11,0,0,0,1,0
8991,1983,2.2271784253,6,11,1,0,0,1,0
8991,1984,2.205794528,7,11,0,0,0,1,0
8991,1985,2.2077945287,8,11,0,0,0,1,0
8991,1986,2.1877269656,9,11,0,0,0,1,0
8991,1987,2.0746530249,10,11,1,1,0,1,0
8997,1980,1.8126426801,2,14,1,0,0,1,0
8997,1981,1.9676501357,3,14,1,0,0,1,0
8997,1982,2.0689398009,4,14,1,0,0,1,0
8997,1983,2.2109179045,5,14,1,0,0,1,0
8997,1984,2.3439448665,6,14,1,0,0,1,0
8997,1985,2.309577223,7,14,1,0,0,1,0
8997,1986,2.3818829801,8,14,1,0,0,1,0
8997,1987,2.2822923897,9,14,1,0,0,1,0
9014,1980,1.8297105887,4,12,0,0,0,1,0
9014,1981,1.483992004,5,12,0,0,0,1,0
9014,1982,1.4603911445,6,12,0,0,0,1,0
9014,1983,1.4124102083,7,12,1,0,0,1,0
9014,1984,1.0748134552,8,12,0,0,0,1,0
9014,1985,1.7201460344,9,12,0,0,0,1,0
9014,1986,2.1746548841,10,12,0,1,0,1,0
9014,1987,1.8122887605,11,12,0,1,0,1,0
9015,1980,1.399805498,7,9,0,0,0,1,0
9015,1981,1.3914065563,8,9,0,0,0,1,0
9015,1982,1.3801512176,9,9,0,0,0,1,0
9015,1983,1.7338371048,10,9,1,1,0,1,0
9015,1984,1.556776997,11,9,0,1,0,1,0
9015,1985,1.7649228153,12,9,0,1,0,1,0
9015,1986,1.6730625656,13,9,0,1,0,1,0
9015,1987,1.3018556784,14,9,1,1,0,1,0
9027,1980,1.5793355686,3,12,0,0,0,0,0
9027,1981,1.6003130047,4,12,0,0,0,0,0
9027,1982,2.4003150732,5,12,0,0,0,0,0
9027,1983,2.3611050951,6,12,1,0,0,0,0
9027,1984,2.2730773907,7,12,1,0,0,0,0
9027,1985,2.4433475357,8,12,1,0,1,0,0
9027,1986,2.5034260807,9,12,1,0,1,0,0
9027,1987,2.3093765237,10,12,1,0,0,0,0
9066,1980,1.601883188,1,11,1,0,0,1,0
9066,1981,1.4293976015,2,11,0,0,0,1,0
9066,1982,-1.216737146,3,11,0,0,0,1,0
9066,1983,1.1069627714,4,11,0,0,0,1,0
9066,1984,1.2461907891,5,11,1,0,0,1,0
9066,1985,1.4158467634,6,11,0,0,0,1,0
9066,1986,1.6689331722,7,11,0,0,0,1,0
9066,1987,1.7275234939,8,11,1,0,0,1,0
9082,1980,-0.073552461,4,8,0,0,0,0,0
9082,1981,1.2930258912,5,8,0,0,0,0,0
9082,1982,1.6344138985,6,8,0,0,0,0,0
9082,1983,1.6885256443,7,8,0,1,0,0,0
9082,1984,1.6180078631,8,8,0,1,0,0,0
9082,1985,1.5146473481,9,8,0,0,0,0,0
9082,1986,1.4685291079,10,8,0,1,0,0,0
9082,1987,1.7069282448,11,8,0,1,0,0,0
9131,1980,1.1068288092,9,5,0,0,0,0,0
9131,1981,1.0277461728,10,5,0,1,0,0,0
9131,1982,1.2625654012,11,5,0,1,0,0,0
9131,1983,1.3999876883,12,5,0,1,0,0,0
9131,1984,1.5895699278,13,5,0,1,0,0,0
9131,1985,1.4918326704,14,5,0,1,0,0,0
9131,1986,1.3735148298,15,5,0,1,0,0,0
9131,1987,1.4594673859,16,5,0,1,0,0,0
9132,1980,1.2248560152,7,6,0,1,0,0,0
9132,1981,1.175223391,8,6,0,1,0,0,0
9132,1982,1.5966735705,9,6,0,1,0,0,0
9132,1983,1.5129745516,10,6,0,1,0,0,0
9132,1984,1.6180078631,11,6,0,1,0,0,0
9132,1985,1.5146473481,12,6,0,1,0,0,0
9132,1986,1.851254729,13,6,0,1,0,0,0
9132,1987,1.8610789246,14,6,1,1,0,0,0
9154,1980,2.5638536617,2,15,1,0,0,0,0
9154,1981,2.5306333294,3,15,1,0,0,0,0
9154,1982,2.1707925967,4,15,1,0,0,0,0
9154,1983,2.197422423,5,15,1,0,0,0,0
9154,1984,2.4546367672,6,15,1,0,0,0,0
9154,1985,2.0690240351,7,15,1,0,0,0,0
9154,1986,2.4286559494,8,15,0,0,0,0,0
9154,1987,2.6020887033,9,15,1,0,0,0,0
9158,1980,1.5010656865,4,12,0,1,0,0,0
9158,1981,1.4036286788,5,12,0,1,0,0,0
9158,1982,1.0584817331,6,12,0,1,0,0,0
9158,1983,1.1469911738,7,12,0,1,0,0,0
9158,1984,1.1717207605,8,12,0,1,0,0,0
9158,1985,1.075348167,9,12,0,1,0,0,0
9158,1986,1.0773254692,10,12,0,1,0,0,0
9158,1987,1.0966687241,11,12,0,1,0,0,0
9184,1980,1.3048987229,3,11,0,1,0,0,0
9184,1981,1.2039728043,4,11,0,1,0,0,0
9184,1982,1.285038257,5,11,0,1,0,0,0
9184,1983,1.1735163468,6,11,0,0,0,0,0
9184,1984,1.1145242478,7,11,0,1,0,0,0
9184,1985,1.1404347835,8,11,0,1,0,0,0
9184,1986,1.3713913309,9,11,0,1,0,0,0
9184,1987,2.094187831,10,11,0,1,0,0,0
9230,1980,1.0901234213,1,11,0,0,0,1,0
9230,1981,0.8966923738,2,11,0,0,0,1,0
9230,1982,0.8024934064,3,11,0,0,0,1,0
9230,1983,1.684382987,4,11,0,0,0,1,0
9230,1984,1.1646032927,5,11,0,0,0,1,0
9230,1985,1.7295960191,6,11,0,0,0,1,0
9230,1986,1.9465649088,7,11,1,0,0,1,0
9230,1987,2.0746530249,8,11,1,0,0,1,0
9265,1980,1.2357283734,1,11,0,0,0,0,1
9265,1981,0.9976363713,2,11,0,0,0,0,1
9265,1982,1.4504382996,3,11,0,0,0,0,1
9265,1983,1.494705451,4,11,1,0,0,0,1
9265,1984,1.94855364,5,11,0,0,0,0,1
9265,1985,1.8946696561,6,11,0,0,0,0,1
9265,1986,2.2561190561,7,11,0,0,0,0,1
9265,1987,2.2665440328,8,11,0,0,0,0,1
9367,1980,0.931694477,2,11,0,0,0,1,0
9367,1981,0.7915872534,3,11,0,0,0,1,0
9367,1982,1.3150705441,4,11,0,0,0,1,0
9367,1983,1.4372118872,5,11,0,0,0,1,0
9367,1984,1.4800928565,6,11,0,0,0,1,0
9367,1985,1.6789503994,7,11,0,0,0,1,0
9367,1986,1.6540866641,8,11,0,0,0,1,0
9367,1987,1.9205023451,9,11,0,0,0,1,0
9390,1980,-0.887685475,4,12,0,0,0,1,0
9390,1981,1.9810765919,5,12,1,0,0,1,0
9390,1982,1.96635098,6,12,1,0,0,1,0
9390,1983,2.489866297,7,12,0,0,0,1,0
9390,1984,2.3200270206,8,12,0,0,0,1,0
9390,1985,2.1937904806,9,12,0,0,0,1,0
9390,1986,2.4138798481,10,12,0,0,0,1,0
9390,1987,2.1919897317,11,12,1,0,0,1,0
9391,1980,1.3206470799,3,11,0,0,0,1,0
9391,1981,1.1075809587,4,11,0,0,0,1,0
9391,1982,1.7588954556,5,11,0,0,0,1,0
9391,1983,1.3049365423,6,11,0,0,0,1,0
9391,1984,1.3207563396,7,11,0,0,0,1,0
9391,1985,1.5146473481,8,11,0,0,0,1,0
9391,1986,2.1136189935,9,11,0,0,0,1,0
9391,1987,1.5713556676,10,11,0,0,0,1,0
9418,1980,2.1328651263,2,15,0,0,0,1,0
9418,1981,2.1463956765,3,15,0,0,0,1,0
9418,1982,2.368899736,4,15,0,0,0,1,0
9418,1983,2.3700113351,5,15,0,1,0,1,0
9418,1984,2.090276499,6,15,0,1,0,1,0
9418,1985,2.4396506738,7,15,0,1,0,1,0
9418,1986,2.5482554789,8,15,0,1,0,1,0
9418,1987,2.7547281239,9,15,0,1,0,1,0
9424,1980,2.0357862315,3,12,1,0,0,0,1
9424,1981,1.877701899,4,12,1,0,0,0,1
9424,1982,1.8728249219,5,12,0,0,0,0,1
9424,1983,1.8972603456,6,12,1,0,0,0,1
9424,1984,1.9056899356,7,12,1,0,0,0,1
9424,1985,1.8960149047,8,12,1,0,0,0,1
9424,1986,2.3472338447,9,12,1,0,0,0,1
9424,1987,2.2787483813,10,12,1,1,0,0,1
9447,1980,1.0502565045,3,14,0,0,0,0,0
9447,1981,1.4068530881,4,14,0,0,0,0,0
9447,1982,0.8966059471,5,14,0,0,0,0,0
9447,1983,2.4185572692,6,14,0,0,0,0,0
9447,1984,1.8496004689,7,14,0,0,0,0,0
9447,1985,1.7563923254,8,14,0,0,0,0,0
9447,1986,1.7784703838,9,14,0,0,0,0,0
9447,1987,1.9664394403,10,14,0,1,0,0,0
9449,1980,1.0006015868,2,15,0,0,0,0,0
9449,1981,1.18510432,3,15,0,0,0,0,0
9449,1982,1.507080652,4,15,0,0,0,0,0
9449,1983,1.296552101,5,15,0,0,0,0,0
9449,1984,1.6651167491,6,15,0,0,0,0,0
9449,1985,1.9012116778,7,15,0,1,0,0,0
9449,1986,1.8204830703,8,15,1,1,0,0,0
9449,1987,2.0217306235,9,15,1,1,0,0,0
9453,1980,2.0430090442,2,15,1,0,0,0,0
9453,1981,1.9890574802,3,15,1,0,0,0,0
9453,1982,1.8728249219,4,15,1,0,0,0,0
9453,1983,1.9732462526,5,15,1,0,0,0,0
9453,1984,2.0234729712,6,15,1,0,0,0,0
9453,1985,2.2420277003,7,15,1,1,0,0,0
9453,1986,2.0179030519,8,15,1,1,0,0,0
9453,1987,2.0457771014,9,15,0,1,0,0,0
9468,1980,1.4207305384,1,16,0,0,0,0,0
9468,1981,1.3428757408,2,16,0,0,0,0,0
9468,1982,1.4163742591,3,16,0,0,0,0,0
9468,1983,1.5783953457,4,16,0,0,0,0,0
9468,1984,1.8858217324,5,16,0,0,0,0,0
9468,1985,2.0375026327,6,16,0,1,0,0,0
9468,1986,2.2034753226,7,16,0,1,0,0,0
9468,1987,2.1645093541,8,16,0,1,0,0,0
9502,1980,2.0750069446,5,12,1,1,0,0,0
9502,1981,2.1115298562,6,12,1,1,0,0,0
9502,1982,1.9927135382,7,12,1,1,0,0,0
9502,1983,2.4658101541,8,12,1,1,0,0,0
9502,1984,2.1743238131,9,12,0,1,0,0,0
9502,1985,1.7059708395,10,12,0,1,0,0,0
9502,1986,1.5143124847,11,12,0,1,0,0,0
9502,1987,1.6197078596,12,12,0,1,0,0,0
9505,1980,1.1194954996,5,8,0,0,0,0,0
9505,1981,1.0791942028,6,8,0,0,0,0,0
9505,1982,0.9125242491,7,8,0,0,0,0,0
9505,1983,1.0322629081,8,8,0,0,0,0,0
9505,1984,0.9893992037,9,8,0,0,0,0,0
9505,1985,1.0728145958,10,8,0,0,0,0,0
9505,1986,1.0527470328,11,8,0,0,0,0,0
9505,1987,0.9206906412,12,8,0,0,0,0,0
9603,1980,1.1909107582,7,10,0,1,0,0,0
9603,1981,1.0694461963,8,10,0,1,0,0,0
9603,1982,1.230665529,9,10,0,1,0,0,0
9603,1983,1.1347784717,10,10,0,1,0,0,0
9603,1984,1.0338509663,11,10,0,1,0,0,0
9603,1985,1.0102942389,12,10,0,1,0,0,0
9603,1986,1.1087748643,13,10,0,0,0,0,0
9603,1987,1.2115751785,14,10,0,0,0,0,0
9643,1980,1.7823373306,2,12,0,0,0,0,1
9643,1981,1.1394342832,3,12,0,0,0,0,1
9643,1982,1.9613166841,4,12,0,0,0,0,1
9643,1983,1.1880174375,5,12,0,0,0,0,1
9643,1984,1.9604148353,6,12,0,0,0,0,1
9643,1985,1.6570941044,7,12,0,0,0,0,1
9643,1986,1.7951652624,8,12,0,0,0,0,1
9643,1987,1.5270134281,9,12,0,0,0,0,1
9667,1980,1.5571064072,1,13,0,0,0,0,1
9667,1981,1.6881504866,2,13,0,0,0,0,1
9667,1982,2.1605069944,3,13,1,0,0,0,1
9667,1983,2.2374849319,4,13,0,0,0,0,1
9667,1984,2.5662781469,5,13,0,1,0,0,1
9667,1985,2.5996981645,6,13,0,1,0,0,1
9667,1986,2.9233838442,7,13,0,1,0,0,1
9667,1987,3.0371331393,8,13,0,1,0,0,1
9683,1980,0.7028115079,5,12,0,0,0,1,0
9683,1981,1.3919923822,6,12,1,1,0,1,0
9683,1982,1.1849547985,7,12,0,1,0,1,0
9683,1983,0.929984059,8,12,0,1,0,1,0
9683,1984,0.9260633285,9,12,0,1,0,1,0
9683,1985,0.0878387321,10,12,0,1,0,1,0
9683,1986,2.2398303046,11,12,0,1,0,1,0
9683,1987,1.8115198254,12,12,1,0,0,1,0
9694,1980,1.6505565366,1,15,0,0,0,0,0
9694,1981,1.9889275341,2,15,0,0,0,0,0
9694,1982,2.0269756018,3,15,0,0,0,0,0
9694,1983,2.0534540498,4,15,0,1,0,0,0
9694,1984,2.3111550437,5,15,0,1,0,0,0
9694,1985,2.2998526731,6,15,0,1,0,0,0
9694,1986,2.3023303484,7,15,0,1,0,0,0
9694,1987,2.3429170115,8,15,0,1,0,0,0
9710,1980,1.8710462127,4,12,0,0,0,0,0
9710,1981,1.1162672239,5,12,0,0,0,0,0
9710,1982,1.6588579624,6,12,0,0,0,0,0
9710,1983,1.5867635954,7,12,0,0,0,0,0
9710,1984,-0.639086904,8,12,0,0,0,0,0
9710,1985,1.7126033083,9,12,0,0,0,0,0
9710,1986,1.8301627046,10,12,0,0,0,0,0
9710,1987,1.5712075085,11,12,0,0,0,0,0
9718,1980,1.0985622899,1,13,0,0,0,0,0
9718,1981,1.7404661748,2,13,0,0,0,0,0
9718,1982,2.2787709149,3,13,0,0,0,0,0
9718,1983,2.4642088727,4,13,0,0,0,0,0
9718,1984,2.3599452078,5,13,0,0,0,0,0
9718,1985,2.5047194682,6,13,0,0,0,0,0
9718,1986,2.4931086152,7,13,0,1,0,0,0
9718,1987,2.6232189767,8,13,0,1,0,0,0
9725,1980,1.0391243132,1,13,0,0,0,0,0
9725,1981,1.3513563098,2,13,0,0,0,0,0
9725,1982,1.6606062146,3,13,0,0,0,0,0
9725,1983,1.6001379183,4,13,0,0,0,0,0
9725,1984,1.611243463,5,13,0,0,0,0,0
9725,1985,1.6852554125,6,13,0,0,0,0,0
9725,1986,1.7840459793,7,13,0,0,0,0,0
9725,1987,1.8122887605,8,13,0,0,0,0,0
9744,1980,1.6303211234,2,15,1,0,0,0,0
9744,1981,1.7719568419,3,15,0,0,0,0,0
9744,1982,1.9781854376,4,15,0,0,0,0,0
9744,1983,1.839354348,5,15,0,0,0,0,0
9744,1984,1.9440019708,6,15,0,0,0,0,0
9744,1985,1.8899563716,7,15,0,0,0,0,0
9744,1986,2.158857779,8,15,0,1,0,0,0
9744,1987,2.1049583744,9,15,1,1,0,0,0
9752,1980,2.2454858596,2,15,0,0,0,0,0
9752,1981,1.9717088419,3,15,0,1,0,0,0
9752,1982,2.2322508993,4,15,0,1,0,0,0
9752,1983,2.5543476217,5,15,0,1,0,0,0
9752,1984,2.9046409385,6,15,0,1,0,0,0
9752,1985,2.9661058044,7,15,0,1,0,0,0
9752,1986,2.9900882312,8,15,0,1,0,0,0
9752,1987,3.1316536389,9,15,0,1,0,0,0
9776,1980,2.2809086895,3,11,0,0,0,0,1
9776,1981,2.0402208285,4,11,1,1,0,0,1
9776,1982,2.206063526,5,11,1,1,0,0,1
9776,1983,2.3771200794,6,11,1,1,0,0,1
9776,1984,2.2464191084,7,11,1,1,0,0,1
9776,1985,1.9405899266,8,11,1,1,0,0,1
9776,1986,2.2567198371,9,11,1,1,0,0,1
9776,1987,2.2177538686,10,11,1,1,0,0,1
9786,1980,1.6666887675,2,12,1,0,0,0,1
9786,1981,1.7085819627,3,12,1,0,0,0,1
9786,1982,1.8594019016,4,12,1,0,0,0,1
9786,1983,1.8211372308,5,12,1,0,0,0,1
9786,1984,1.9102250907,6,12,0,0,0,0,1
9786,1985,1.874992021,7,12,0,0,0,0,1
9786,1986,1.9227291768,8,12,0,0,0,0,1
9786,1987,2.0988803203,9,12,0,0,0,0,1
9791,1980,0.8176829648,1,15,0,0,0,0,0
9791,1981,0.7727993395,2,15,0,0,0,0,0
9791,1982,1.1695889447,3,15,0,0,0,0,0
9791,1983,-0.164762744,4,15,0,1,0,0,0
9791,1984,2.5703991808,5,15,0,1,0,0,0
9791,1985,2.5878168366,6,15,0,1,0,0,0
9791,1986,2.5476121852,7,15,0,1,0,0,0
9791,1987,2.5175279868,8,15,0,1,0,0,0
9794,1980,1.5249606077,3,12,0,0,0,0,0
9794,1981,1.6094379124,4,12,1,1,0,0,0
9794,1982,1.6197947369,5,12,0,1,0,0,0
9794,1983,1.6505518351,6,12,1,1,0,0,0
9794,1984,1.5490149916,7,12,1,1,0,0,0
9794,1985,1.7659617764,8,12,1,1,0,0,0
9794,1986,1.7458942134,9,12,1,1,0,0,0
9794,1987,2.1807854434,10,12,1,1,0,0,0
9810,1980,1.2512185735,2,11,0,0,0,0,1
9810,1981,0.3617900446,3,11,0,0,0,0,1
9810,1982,1.700352,4,11,1,1,0,0,1
9810,1983,1.0768312276,5,11,0,1,0,0,1
9810,1984,1.0302211982,6,11,0,1,0,0,1
9810,1985,1.003293018,7,11,0,1,0,0,1
9810,1986,0.8987062491,8,11,0,1,0,0,1
9810,1987,1.3907988913,9,11,0,0,0,0,1
9846,1980,2.0980680575,3,12,0,1,0,0,1
9846,1981,2.359584537,4,12,0,1,0,0,1
9846,1982,2.1025284042,5,12,0,1,0,0,1
9846,1983,1.9477847049,6,12,0,1,0,0,1
9846,1984,2.0586394141,7,12,0,1,0,0,1
9846,1985,2.3004160186,8,12,0,1,0,0,1
9846,1986,0.9240349266,9,12,0,1,0,0,1
9846,1987,2.3135449332,10,12,1,1,0,0,1
9859,1980,1.4479995666,4,12,1,0,0,0,1
9859,1981,1.4983344418,5,12,1,0,0,0,1
9859,1982,1.5474025215,6,12,1,0,0,0,1
9859,1983,-0.790987228,7,12,1,0,0,0,1
9859,1984,1.8003294199,8,12,1,0,0,0,1
9859,1985,1.4079248841,9,12,1,0,0,0,1
9859,1986,1.5398185706,10,12,0,0,0,0,1
9859,1987,1.7609954661,11,12,1,0,0,0,1
9868,1980,1.2227603107,2,11,0,0,0,0,1
9868,1981,1.1711829815,3,11,0,0,0,0,1
9868,1982,1.2337449627,4,11,0,0,0,0,1
9868,1983,1.2041131651,5,11,0,0,0,0,1
9868,1984,1.2181675187,6,11,0,0,0,0,1
9868,1985,1.2325094625,7,11,0,0,0,0,1
9868,1986,1.3047110226,8,11,0,1,0,0,1
9868,1987,1.3680550467,9,11,1,1,0,0,1
9876,1980,1.7768089304,4,13,0,1,0,0,1
9876,1981,1.8292388423,5,13,0,1,0,0,1
9876,1982,1.7848844895,6,13,0,1,0,0,1
9876,1983,1.9243139992,7,13,0,1,0,0,1
9876,1984,2.0957335385,8,13,0,1,0,0,1
9876,1985,1.9392094832,9,13,0,1,0,0,1
9876,1986,2.1827018294,10,13,0,1,0,0,1
9876,1987,2.1342040046,11,13,0,1,0,0,1
9883,1980,2.0631852056,2,12,1,0,0,0,1
9883,1981,-0.262364264,3,12,1,0,0,0,1
9883,1982,2.2782900301,4,12,1,0,0,0,1
9883,1983,2.2659776817,5,12,0,0,0,0,1
9883,1984,2.0020690626,6,12,0,1,0,0,1
9883,1985,2.5507246502,7,12,1,1,0,0,1
9883,1986,2.3705294073,8,12,0,1,0,0,1
9883,1987,2.4989106324,9,12,0,1,0,0,1
9889,1980,1.9180031958,2,14,0,1,0,0,0
9889,1981,1.7334905611,3,14,0,1,0,0,0
9889,1982,1.939563664,4,14,0,1,0,0,0
9889,1983,2.1716971913,5,14,0,1,0,0,0
9889,1984,2.3146576742,6,14,0,1,0,0,0
9889,1985,2.4627538451,7,14,0,1,0,0,0
9889,1986,2.6282833936,8,14,0,1,0,0,0
9889,1987,2.6600895125,9,14,0,1,0,0,0
9901,1980,1.9989722583,4,12,0,0,0,0,1
9901,1981,1.650259907,5,12,0,0,0,0,1
9901,1982,1.3519105015,6,12,0,0,0,0,1
9901,1983,1.6064067966,7,12,1,0,0,0,1
9901,1984,1.8496004689,8,12,1,0,0,0,1
9901,1985,1.7773241614,9,12,0,0,0,0,1
9901,1986,1.8857988943,10,12,0,0,0,0,1
9901,1987,2.0224672718,11,12,0,0,0,0,1
9936,1980,1.5385135741,3,12,0,0,0,0,1
9936,1981,1.2564767526,4,12,0,0,0,0,1
9936,1982,1.7057939515,5,12,1,0,0,0,1
9936,1983,1.94855364,6,12,0,1,0,0,1
9936,1984,2.3694239518,7,12,1,1,0,0,1
9936,1985,2.5644694726,8,12,1,1,0,0,1
9936,1986,2.6798065466,9,12,1,1,0,0,1
9936,1987,2.7868484005,10,12,1,1,0,0,1
9964,1980,0.8595009045,4,9,0,0,0,0,1
9964,1981,1.4423838278,5,9,0,0,0,0,1
9964,1982,1.1448401731,6,9,0,0,0,0,1
9964,1983,1.5142056577,7,9,0,0,0,0,1
9964,1984,1.8395501331,8,9,0,0,1,0,1
9964,1985,1.8051824896,9,9,0,0,0,0,1
9964,1986,1.5579793539,10,9,0,0,0,0,1
9964,1987,1.6063870156,11,9,0,0,0,0,1
10043,1980,1.473975053,4,12,0,0,0,0,1
10043,1981,0.4502010019,5,12,0,0,0,0,1
10043,1982,0.0924941485,6,12,0,0,0,0,1
10043,1983,1.4454500623,7,12,0,1,0,0,1
10043,1984,0.6077190006,8,12,0,1,0,0,1
10043,1985,0.8458322682,9,12,0,1,0,0,1
10043,1986,1.039470177,10,12,1,1,0,0,1
10043,1987,1.4556138165,11,12,0,1,0,0,1
10067,1980,1.3646179576,2,11,0,0,0,0,1
10067,1981,1.4850292018,3,11,0,0,0,0,1
10067,1982,1.7361138764,4,11,0,1,0,0,1
10067,1983,1.7501027013,5,11,0,1,0,0,1
10067,1984,1.9056899356,6,11,0,1,0,0,1
10067,1985,1.8107226699,7,11,0,1,0,0,1
10067,1986,2.1084241766,8,11,0,1,0,0,1
10067,1987,1.7483252374,9,11,0,1,0,0,1
10091,1980,1.4652720239,5,12,0,1,0,0,0
10091,1981,2.1023097326,6,12,0,1,0,0,0
10091,1982,1.7359936913,7,12,1,1,0,0,0
10091,1983,1.2638761505,8,12,0,1,0,0,0
10091,1984,1.8003294199,9,12,0,1,0,0,0
10091,1985,1.9666324719,10,12,0,1,0,0,0
10091,1986,1.7851149265,11,12,0,1,0,0,0
10091,1987,1.7146502909,12,12,0,1,0,0,0
10120,1980,-0.236821015,2,13,0,0,0,0,0
10120,1981,0.2711527705,3,13,0,0,0,0,0
10120,1982,0.2304199603,4,13,0,0,0,0,0
10120,1983,1.4111609889,5,13,0,0,0,0,0
10120,1984,1.6925215293,6,13,0,0,0,0,0
10120,1985,1.4856598113,7,13,0,0,0,0,0
10120,1986,1.8950312587,8,13,0,1,0,0,0
10120,1987,1.9520507029,9,13,0,1,0,0,0
10121,1980,1.2248560152,2,11,0,0,0,0,0
10121,1981,1.4423838278,3,11,0,0,0,0,0
10121,1982,1.5007139935,4,11,0,0,0,0,0
10121,1983,1.5234468916,5,11,0,0,0,0,0
10121,1984,1.588373058,6,11,0,0,0,0,0
10121,1985,1.5208885031,7,11,0,0,0,0,0
10121,1986,1.4574370072,8,11,0,0,0,0,0
10121,1987,1.8936910877,9,11,0,0,0,0,0
10167,1980,1.4479995666,4,12,1,0,0,1,0
10167,1981,1.6094379124,5,12,1,0,0,1,0
10167,1982,1.5474025215,6,12,1,0,0,1,0
10167,1983,1.6608048987,7,12,1,0,0,1,0
10167,1984,1.7431710061,8,12,1,0,0,1,0
10167,1985,1.7933607506,9,12,1,0,0,1,0
10167,1986,1.851254729,10,12,1,0,0,1,0
10167,1987,1.9946103173,11,12,1,0,0,1,0
10209,1980,1.2359058514,3,10,0,0,0,0,0
10209,1981,1.1346713385,4,10,0,0,0,0,0
10209,1982,0.9178748596,5,10,0,0,0,0,0
10209,1983,1.2021038037,6,10,0,0,0,0,0
10209,1984,1.5184084979,7,10,0,0,0,0,0
10209,1985,1.1781751115,8,10,0,0,0,0,0
10209,1986,1.4582121409,9,10,0,1,0,0,0
10209,1987,1.3932938001,10,10,0,1,0,0,0
10230,1980,1.6675438338,5,10,0,1,0,0,0
10230,1981,1.5839535335,6,10,0,1,0,0,0
10230,1982,1.7407218325,7,10,0,1,0,0,0
10230,1983,1.7254100887,8,10,0,1,0,0,0
10230,1984,1.7431710061,9,10,0,0,0,0,0
10230,1985,1.7659617764,10,10,0,1,0,0,0
10230,1986,1.7458942134,11,10,0,0,0,0,0
10230,1987,1.8610789246,12,10,0,0,0,0,0
10265,1980,2.1279635015,2,14,1,0,0,0,0
10265,1981,1.8170772772,3,14,0,1,0,0,0
10265,1982,2.1605069944,4,14,0,1,0,0,0
10265,1983,2.108060519,5,14,0,1,0,0,0
10265,1984,2.5602153425,6,14,0,1,0,0,0
10265,1985,2.2767874002,7,14,0,1,0,0,0
10265,1986,2.4591950444,8,14,0,1,0,0,0
10265,1987,2.3876529054,9,14,0,1,0,0,0
10274,1980,0.1135047008,1,14,0,0,0,0,0
10274,1981,1.6835458846,2,14,1,1,0,0,0
10274,1982,1.9189660779,3,14,1,1,0,0,0
10274,1983,1.9813434628,4,14,1,1,0,0,0
10274,1984,1.4883300398,5,14,1,1,0,0,0
10274,1985,1.4750568809,6,14,1,1,0,0,0
10274,1986,1.7999614346,7,14,0,1,0,0,0
10274,1987,2.1307424916,8,14,0,1,0,0,0
10311,1980,1.6303211234,2,11,0,0,0,0,1
10311,1981,1.6835458846,3,11,0,0,0,0,1
10311,1982,1.6905033652,4,11,0,0,0,0,1
10311,1983,1.8972603456,5,11,0,0,0,0,1
10311,1984,1.6825463843,6,11,0,1,0,0,1
10311,1985,2.0985952367,7,11,0,1,0,0,1
10311,1986,0.5930122948,8,11,1,1,0,0,1
10311,1987,0.949723428,9,11,0,1,0,0,1
10392,1980,0.1778869597,4,8,0,0,0,0,1
10392,1981,1.3244189574,5,8,0,0,0,0,1
10392,1982,0.9234912355,6,8,0,0,0,0,1
10392,1983,1.1863453961,7,8,0,0,0,0,1
10392,1984,1.0603686152,8,8,0,0,0,0,1
10392,1985,0.9985166721,9,8,0,0,0,0,1
10392,1986,2.2835180303,10,8,0,0,0,0,1
10392,1987,1.3815058444,11,8,0,0,0,0,1
10425,1980,1.6303211234,2,13,0,1,0,1,0
10425,1981,2.5346973143,3,13,1,1,0,1,0
10425,1982,2.4481890669,4,13,1,1,0,1,0
10425,1983,2.3540187481,5,13,1,1,0,1,0
10425,1984,2.2412971618,6,13,1,1,0,1,0
10425,1985,2.329934423,7,13,1,1,0,1,0
10425,1986,2.4573905326,8,13,1,1,0,1,0
10425,1987,1.9664394403,9,13,0,1,0,1,0
10441,1980,1.2600847071,2,14,0,0,0,0,0
10441,1981,1.3643154544,3,14,0,0,0,0,0
10441,1982,1.5474025215,4,14,0,0,0,0,0
10441,1983,1.3148298799,5,14,0,0,0,0,0
10441,1984,1.212542755,6,14,0,0,0,0,0
10441,1985,1.1781751115,7,14,0,1,0,0,0
10441,1986,1.6281111777,8,14,0,1,0,0,0
10441,1987,1.5942866087,9,14,0,1,0,0,0
10457,1980,0.5098188993,2,13,0,0,0,0,0
10457,1981,1.4634150319,3,13,0,0,0,0,0
10457,1982,1.506580527,4,13,0,1,0,0,0
10457,1983,1.7439864743,5,13,0,1,0,0,0
10457,1984,1.9544800997,6,13,0,1,0,0,0
10457,1985,2.0110842344,7,13,0,1,0,0,0
10457,1986,2.0335762858,8,13,0,1,0,0,0
10457,1987,2.1748479973,9,13,0,1,0,0,0
10469,1980,2.1511683056,3,12,1,0,0,1,0
10469,1981,1.8697210107,4,12,1,0,0,1,0
10469,1982,1.5349800015,5,12,0,0,0,1,0
10469,1983,1.160314835,6,12,0,0,0,1,0
10469,1984,1.3255296184,7,12,0,0,0,1,0
10469,1985,1.4124564072,8,12,0,0,0,1,0
10469,1986,1.6281111777,9,12,0,0,0,1,0
10469,1987,1.7069282448,10,12,0,0,0,1,0
10524,1980,1.0489653488,4,11,0,0,0,0,1
10524,1981,1.1128034172,5,11,0,0,0,0,1
10524,1982,1.0742787649,6,11,0,0,0,0,1
10524,1983,1.5240403369,7,11,0,0,0,0,1
10524,1984,1.2676025322,8,11,0,0,0,0,1
10524,1985,1.157053453,9,11,0,0,0,0,1
10524,1986,0.8143360094,10,11,0,0,0,0,1
10524,1987,1.180607902,11,11,0,0,0,0,1
10552,1980,1.2133836141,3,9,0,0,0,0,1
10552,1981,0.8805726493,4,9,0,0,0,0,1
10552,1982,1.0429666958,5,9,0,0,0,0,1
10552,1983,0.8499413513,6,9,1,0,0,0,1
10552,1984,0.6897016945,7,9,1,0,0,0,1
10552,1985,0.7622072812,8,9,0,0,0,0,1
10552,1986,0.9096461892,9,9,0,0,0,0,1
10552,1987,1.3815058444,10,9,0,0,0,0,1
10553,1980,1.4957309694,4,13,0,1,0,0,1
10553,1981,1.5219602263,5,13,0,1,0,0,1
10553,1982,1.4529668499,6,13,0,1,0,0,1
10553,1983,1.7399291748,7,13,0,1,0,0,1
10553,1984,1.8925848297,8,13,0,1,0,0,1
10553,1985,2.2057898504,9,13,0,1,0,0,1
10553,1986,1.9257041341,10,13,0,1,0,0,1
10553,1987,2.259920092,11,13,0,1,0,0,1
10570,1980,1.0564373636,3,11,0,0,0,0,0
10570,1981,-1.41706602,4,11,0,0,0,0,0
10570,1982,-0.670045482,5,11,0,0,0,0,0
10570,1983,0.7026824975,6,11,0,1,0,0,0
10570,1984,0.712933648,7,11,0,1,0,0,0
10570,1985,0.820058899,8,11,0,1,0,0,0
10570,1986,1.0687396198,9,11,0,1,0,0,0
10570,1987,1.0390988722,10,11,0,1,0,0,0
10593,1980,1.2169686504,6,9,0,1,0,0,0
10593,1981,1.0539121098,7,9,0,1,0,0,0
10593,1982,1.2531630485,8,9,0,1,0,0,0
10593,1983,1.3507166392,9,9,1,1,0,0,0
10593,1984,1.3523046974,10,9,1,1,0,0,0
10593,1985,1.2512973763,11,9,1,1,0,0,0
10593,1986,1.3625245689,12,9,1,1,0,0,0
10593,1987,1.1836801011,13,9,0,1,0,0,0
10666,1980,1.0934651871,3,11,1,1,0,1,0
10666,1981,0.9993327246,4,11,0,1,0,1,0
10666,1982,1.0472101541,5,11,0,1,0,1,0
10666,1983,0.451336255,6,11,0,1,0,1,0
10666,1984,0.8028132481,7,11,0,1,0,1,0
10666,1985,0.7065702009,8,11,0,1,0,1,0
10666,1986,1.0747259395,9,11,0,1,0,1,0
10666,1987,0.6946282768,10,11,0,0,0,1,0
11275,1980,0.9554162496,3,12,0,0,0,0,0
11275,1981,1.6660082639,4,12,0,0,0,0,0
11275,1982,1.0194516482,5,12,0,0,0,0,0
11275,1983,1.0853981629,6,12,0,0,0,0,0
11275,1984,0.9502880736,7,12,0,0,0,0,0
11275,1985,1.3873936318,8,12,0,0,0,0,0
11275,1986,1.5587764843,9,12,0,0,0,0,0
11275,1987,1.5992975806,10,12,0,0,1,0,0
11328,1980,1.7395352083,5,12,0,0,0,0,0
11328,1981,0.8901210141,6,12,0,0,0,0,0
11328,1982,1.4822632193,7,12,0,0,0,0,0
11328,1983,1.0759379716,8,12,0,0,0,0,0
11328,1984,1.5209692644,9,12,0,0,0,0,0
11328,1985,1.6039237317,10,12,0,0,0,0,0
11328,1986,1.3404291052,11,12,0,0,0,0,0
11328,1987,2.1172126394,12,12,0,0,0,0,0
11750,1980,1.1591869117,2,10,0,0,0,0,0
11750,1981,1.5293952048,3,10,0,0,0,0,0
11750,1982,1.4673598138,4,10,0,0,0,0,0
11750,1983,1.5022665374,5,10,0,0,0,0,0
11750,1984,1.3457079143,6,10,0,0,0,0,0
11750,1985,1.4071736821,7,10,0,0,0,0,0
11750,1986,1.8425927191,8,10,0,0,0,0,0
11750,1987,2.370103287,9,10,0,0,0,0,0
11821,1980,1.1651367805,2,15,0,0,0,0,0
11821,1981,1.9497637184,3,15,0,0,0,0,0
11821,1982,1.9460971231,4,15,0,0,0,0,0
11821,1983,1.9877743532,5,15,0,0,0,0,0
11821,1984,2.1158684469,6,15,0,0,0,0,0
11821,1985,2.2539139835,7,15,0,0,0,0,0
11821,1986,2.3192879143,8,15,0,0,0,0,0
11821,1987,2.2756086613,9,15,0,0,0,0,0
11857,1980,1.5918564201,3,12,1,0,0,0,0
11857,1981,2.0015669001,4,12,1,0,0,0,0
11857,1982,2.6501418016,5,12,1,0,0,0,0
11857,1983,2.4524588209,6,12,1,0,0,0,0
11857,1984,2.1680542,7,12,1,0,0,0,0
11857,1985,2.37209758,8,12,1,1,0,0,0
11857,1986,2.0854481165,9,12,1,1,0,0,0
11857,1987,1.9822797048,10,12,1,1,0,0,0
11887,1980,1.9418138445,3,12,0,0,1,0,0
11887,1981,1.6347557204,4,12,0,0,1,0,0
11887,1982,1.6680305093,5,12,0,0,0,0,0
11887,1983,1.6383987117,6,12,0,0,0,0,0
11887,1984,1.3409946019,7,12,0,0,1,0,0
11887,1985,1.1914203383,8,12,0,1,0,0,0
11887,1986,1.5768178833,9,12,0,1,0,0,0
11887,1987,1.3660016579,10,12,0,1,0,0,0
11890,1980,1.2656780098,10,6,0,1,0,0,1
11890,1981,1.7111015662,11,6,0,1,0,0,1
11890,1982,1.6524552975,12,6,0,1,0,0,1
11890,1983,1.4257125795,13,6,0,1,0,0,1
11890,1984,1.4786120997,14,6,0,1,0,0,1
11890,1985,1.5782813011,15,6,0,1,0,0,1
11890,1986,1.5246075887,16,6,0,1,0,0,1
11890,1987,1.7239961533,17,6,0,1,0,0,1
11892,1980,1.818074524,4,11,0,0,0,1,0
11892,1981,2.0275522405,5,11,0,0,1,1,0
11892,1982,2.4153429924,6,11,0,0,0,1,0
11892,1983,2.2320778121,7,11,0,0,1,1,0
11892,1984,2.5427476495,8,11,0,0,0,1,0
11892,1985,2.0276683625,9,11,0,0,0,1,0
11892,1986,2.2228182854,10,11,0,0,0,1,0
11892,1987,2.2381060974,11,11,0,0,0,1,0
11924,1980,1.4284171717,2,12,0,0,0,0,0
11924,1981,1.5407718917,3,12,0,0,0,0,0
11924,1982,1.5476866528,4,12,0,0,0,0,0
11924,1983,1.3613332834,5,12,0,0,0,0,0
11924,1984,1.7688890885,6,12,0,0,0,0,0
11924,1985,1.7776697238,7,12,0,0,0,0,0
11924,1986,1.4167581017,8,12,0,1,0,0,0
11924,1987,1.6350190212,9,12,0,1,0,0,0
11925,1980,1.1703627181,2,10,0,0,0,0,0
11925,1981,1.4966053819,3,10,0,1,0,0,0
11925,1982,1.5536721345,4,10,0,1,0,0,0
11925,1983,1.646462418,5,10,0,1,0,0,0
11925,1984,1.8186785586,6,10,0,1,1,0,0
11925,1985,1.7544238208,7,10,0,1,0,0,0
11925,1986,1.8873794645,8,10,0,1,0,0,0
11925,1987,1.8147732338,9,10,0,1,0,0,0
11957,1980,0.0147482223,4,13,1,0,0,0,0
11957,1981,0.4397843583,5,13,1,0,0,0,0
11957,1982,1.4487834283,6,13,0,0,0,0,0
11957,1983,1.2554064594,7,13,0,0,0,0,0
11957,1984,1.3272710207,8,13,0,0,0,0,0
11957,1985,1.421491181,9,13,1,0,0,0,0
11957,1986,1.4568394571,10,13,0,0,0,0,0
11957,1987,1.3815058444,11,13,0,0,0,0,0
11973,1980,1.4479995666,4,12,0,0,0,0,0
11973,1981,1.7334905611,5,12,0,0,0,0,0
11973,1982,1.8728249219,6,12,1,0,0,0,0
11973,1983,2.0437132967,7,12,0,0,0,0,0
11973,1984,2.2321330567,8,12,0,0,0,0,0
11973,1985,2.0400306368,9,12,0,0,0,0,0
11973,1986,-0.228186813,10,12,0,0,0,0,0
11973,1987,2.0354323118,11,12,0,0,0,0,0
11990,1980,1.6409543797,2,14,0,0,0,0,0
11990,1981,1.9158121179,3,14,0,0,0,0,0
11990,1982,2.3073129182,4,14,0,1,0,0,0
11990,1983,2.6417008206,5,14,0,1,0,0,0
11990,1984,2.6521095827,6,14,0,1,0,0,0
11990,1985,2.4438414848,7,14,0,1,0,0,0
11990,1986,2.0302373845,8,14,0,1,0,0,0
11990,1987,2.2822923897,9,14,0,1,0,0,0
12012,1980,0.4148759179,1,13,0,0,0,0,0
12012,1981,1.6942344491,2,13,0,0,0,0,0
12012,1982,1.6216431285,3,13,0,1,0,0,0
12012,1983,1.5829154894,4,13,0,1,0,0,0
12012,1984,1.0201558384,5,13,0,1,1,0,0
12012,1985,1.3339296409,6,13,0,1,0,0,0
12012,1986,2.1976112189,7,13,0,1,0,0,0
12012,1987,2.1743108775,8,13,0,1,0,0,0
12013,1980,0.6679912607,2,10,0,0,0,0,0
12013,1981,1.2431935175,3,10,0,0,0,0,0
12013,1982,2.9336968826,4,10,1,0,0,0,0
12013,1983,1.7220711874,5,10,0,0,0,0,0
12013,1984,1.5490149916,6,10,0,0,0,0,0
12013,1985,2.1745085511,7,10,0,0,0,0,0
12013,1986,2.0743982803,8,10,0,0,0,0,0
12013,1987,1.8122887605,9,10,0,0,0,0,0
12045,1980,1.1471829769,1,16,0,0,0,0,0
12045,1981,1.1143606456,2,16,0,1,0,0,0
12045,1982,1.2081867989,3,16,0,1,0,0,0
12045,1983,1.5603303383,4,16,0,1,0,0,0
12045,1984,1.6180078631,5,16,0,1,0,0,0
12045,1985,1.8713222921,6,16,0,1,0,0,0
12045,1986,1.5585590221,7,16,0,1,0,0,0
12045,1987,1.8126894818,8,16,0,1,0,0,0
12055,1980,1.9423352965,3,12,0,0,0,0,0
12055,1981,1.5608033782,4,12,0,0,0,0,0
12055,1982,1.6541159677,5,12,0,0,0,0,0
12055,1983,1.6661768078,6,12,0,1,0,0,0
12055,1984,1.8157084957,7,12,0,1,0,0,0
12055,1985,1.9766828077,8,12,1,1,0,0,0
12055,1986,2.1284357402,9,12,0,1,0,0,0
12055,1987,2.0926715305,10,12,1,1,0,0,0
12084,1980,-0.369077711,5,12,0,0,0,0,0
12084,1981,1.2873544133,6,12,0,0,0,0,0
12084,1982,1.8201959815,7,12,0,0,0,0,0
12084,1983,1.4719611879,8,12,0,0,0,0,0
12084,1984,1.8095060117,9,12,0,1,0,0,0
12084,1985,2.1441402009,10,12,0,0,0,0,0
12084,1986,1.6252662256,11,12,0,0,0,0,0
12084,1987,1.6658601267,12,12,0,0,0,0,0
12088,1980,1.1712489661,2,12,0,0,0,0,0
12088,1981,0.9295359586,3,12,0,0,0,0,0
12088,1982,0.7469436052,4,12,0,0,0,0,0
12088,1983,0.9982870374,5,12,0,0,0,0,0
12088,1984,1.3948643118,6,12,0,0,0,0,0
12088,1985,1.530690473,7,12,0,0,0,0,0
12088,1986,1.9000448932,8,12,0,0,0,0,0
12088,1987,1.8122887605,9,12,0,0,0,0,0
12122,1980,0.9465122815,9,8,0,1,0,0,0
12122,1981,0.9416085399,10,8,0,1,0,0,0
12122,1982,1.1866733072,11,8,0,1,0,0,0
12122,1983,0.8070701758,12,8,0,1,0,0,0
12122,1984,1.6575227372,13,8,0,1,0,0,0
12122,1985,1.5357662259,14,8,0,1,0,0,0
12122,1986,0.5851501436,15,8,0,1,0,0,0
12122,1987,1.7218316503,16,8,0,1,0,0,0
12179,1980,1.5062684747,3,10,1,0,0,0,1
12179,1981,1.2853958402,4,10,0,0,0,0,1
12179,1982,1.1954260984,5,10,1,0,0,0,1
12179,1983,1.2835773364,6,10,1,0,0,0,1
12179,1984,1.4413843274,7,10,1,0,0,0,1
12179,1985,1.4514684465,8,10,1,0,0,0,1
12179,1986,1.8302565822,9,10,1,0,0,0,1
12179,1987,1.9458201531,10,10,0,0,0,0,1
12182,1980,1.4717160932,1,13,0,0,0,0,1
12182,1981,1.5512672796,2,13,0,0,0,0,1
12182,1982,1.6905033652,3,13,1,0,0,0,1
12182,1983,1.8431931243,4,13,1,1,0,0,1
12182,1984,2.0502711644,5,13,1,1,0,0,1
12182,1985,1.9260471918,6,13,1,1,0,0,1
12182,1986,1.9814948406,7,13,1,0,0,0,1
12182,1987,2.1907547824,8,13,1,0,0,0,1
12220,1980,1.5420285162,2,12,0,0,0,0,1
12220,1981,1.9459101491,3,12,0,1,0,0,1
12220,1982,1.9307916779,4,12,1,1,0,0,1
12220,1983,2.0645614964,5,12,1,1,0,0,1
12220,1984,1.9544800997,6,12,1,1,0,0,1
12220,1985,2.0110842344,7,12,1,1,0,0,1
12220,1986,2.0743982803,8,12,1,1,0,0,1
12220,1987,2.2177538686,9,12,1,1,0,0,1
12221,1980,0.864342295,6,11,0,0,0,0,0
12221,1981,-0.032789823,7,11,0,0,0,0,0
12221,1982,0.4529656043,8,11,0,1,0,0,0
12221,1983,0.6289368383,9,11,0,1,0,0,0
12221,1984,0.7409378444,10,11,0,1,0,0,0
12221,1985,1.1781751115,11,11,0,1,0,0,0
12221,1986,1.3404291052,12,11,0,1,0,0,0
12221,1987,1.203198745,13,11,0,1,0,0,0
12245,1980,0.6257377843,1,14,0,0,0,0,0
12245,1981,1.1717591843,2,14,0,0,0,0,0
12245,1982,0.9031591479,3,14,0,0,0,0,0
12245,1983,1.1819364458,4,14,0,0,0,0,0
12245,1984,1.1488096925,5,14,0,0,0,0,0
12245,1985,1.5230155978,6,14,0,0,0,0,0
12245,1986,1.1612029937,7,14,0,0,0,0,0
12245,1987,1.3704560082,8,14,0,0,0,0,0
12276,1980,1.5433097464,4,12,0,0,0,0,0
12276,1981,1.446946883,5,12,0,0,0,0,0
12276,1982,1.6128303268,6,12,0,0,0,0,0
12276,1983,1.7860347105,7,12,0,0,0,0,0
12276,1984,1.7709573416,8,12,0,0,0,0,0
12276,1985,1.7067152432,9,12,0,0,0,0,0
12276,1986,1.9505793662,10,12,0,0,0,0,0
12276,1987,1.8905599885,11,12,0,0,0,0,0
12385,1980,1.4278480062,5,12,0,0,0,0,0
12385,1981,1.6207516723,6,12,0,0,0,0,0
12385,1982,2.1323361174,7,12,0,1,0,0,0
12385,1983,1.3765002581,8,12,0,0,0,0,0
12385,1984,1.9702284567,9,12,0,0,0,0,0
12385,1985,1.9706647354,10,12,0,0,0,0,0
12385,1986,1.9157932502,11,12,0,0,0,0,0
12385,1987,1.9946103173,12,12,0,0,0,0,0
12410,1980,-0.815364813,3,12,1,0,0,0,0
12410,1981,1.8203328417,4,12,1,1,0,0,0
12410,1982,1.7435174004,5,12,1,1,0,0,0
12410,1983,1.6264045649,6,12,1,1,0,0,0
12410,1984,1.6825463843,7,12,1,1,0,0,0
12410,1985,1.5570731922,8,12,1,1,0,0,0
12410,1986,1.4443661331,9,12,1,1,0,0,0
12410,1987,1.1996184096,10,12,0,1,0,0,0
12420,1980,0.0040760926,3,12,0,1,0,0,0
12420,1981,2.3978952728,4,12,0,1,0,0,0
12420,1982,2.318720837,5,12,0,1,0,0,0
12420,1983,2.3872067394,6,12,0,1,0,0,0
12420,1984,2.3033292723,7,12,1,1,0,0,0
12420,1985,2.2311418927,8,12,0,1,0,0,0
12420,1986,2.2432968168,9,12,1,1,0,0,0
12420,1987,2.4179049486,10,12,0,1,0,0,0
12433,1980,1.6675438338,2,15,0,0,0,0,0
12433,1981,1.6094379124,3,15,0,0,0,0,0
12433,1982,1.7139402106,4,15,0,0,0,0,0
12433,1983,1.2687157908,5,15,0,0,0,0,0
12433,1984,0.8871203546,6,15,0,0,0,0,0
12433,1985,1.8763098336,7,15,1,0,0,0,0
12433,1986,1.9339062756,8,15,1,0,0,0,0
12433,1987,1.9743553036,9,15,1,0,0,0,0
12451,1980,1.0664876995,2,14,0,0,0,0,0
12451,1981,1.9373108655,3,14,0,0,0,0,0
12451,1982,1.6966410433,4,14,0,0,0,0,0
12451,1983,2.016516822,5,14,0,1,0,0,0
12451,1984,1.176788525,6,14,0,1,0,0,0
12451,1985,1.4918326704,7,14,0,1,0,0,0
12451,1986,1.9719684764,8,14,0,1,0,0,0
12451,1987,1.8768272816,9,14,0,1,0,0,0
12477,1980,2.2134674087,4,12,1,0,0,0,0
12477,1981,2.2225423853,5,12,1,0,0,0,0
12477,1982,2.2013289889,6,12,1,1,0,0,0
12477,1983,2.1716971913,7,12,1,1,0,0,0
12477,1984,2.1680542,8,12,1,1,0,0,0
12477,1985,2.1336865565,9,12,1,1,0,0,0
12477,1986,2.1136189935,10,12,1,1,0,0,0
12477,1987,2.2024863965,11,12,1,1,0,0,0
12500,1980,0.9724026347,4,12,0,1,0,0,0
12500,1981,1.324885733,5,12,0,0,0,0,0
12500,1982,0.9627070492,6,12,0,0,0,0,0
12500,1983,0.8452515111,7,12,0,1,0,0,0
12500,1984,1.9295743084,8,12,0,1,0,0,0
12500,1985,2.0375026327,9,12,0,1,0,0,0
12500,1986,1.1482206875,10,12,0,1,0,0,0
12500,1987,1.3067401938,11,12,0,1,0,0,0
12534,1980,1.8400416543,2,11,0,0,0,0,0
12534,1981,2.1747517215,3,11,0,0,0,0,0
12534,1982,2.1227666664,4,11,0,1,0,0,0
12534,1983,2.1308751968,5,11,0,1,0,0,0
12534,1984,2.1680542,6,11,0,1,0,0,0
12534,1985,2.2077945287,7,11,0,1,0,0,0
12534,1986,2.3818829801,8,11,0,1,0,0,0
12534,1987,2.3429170115,9,11,0,1,0,0,0
12548,1980,1.1305453358,5,9,0,0,0,0,0
12548,1981,1.3116034685,6,9,0,0,0,0,0
12548,1982,0.8324815414,7,9,0,0,0,0,0
12548,1983,1.5918786961,8,9,0,1,0,0,0
12548,1984,1.212542755,9,9,1,1,0,0,0
12548,1985,1.7659617764,10,9,0,1,0,0,0
12548,1986,1.7458942134,11,9,1,1,0,0,0
12548,1987,1.4665428871,12,9,1,1,0,0,0
